Legend,Quartz,Plagioclase,Orthoclase,Muscovite,Biotite,Chlorite,Apatite,Pyroxene/Amphibole,Garnet,Epidote,Tourmaline,Other Silicates,Zircon,Titanite,Rutile,Ilmenite,Chromite,Fe oxides,Other oxides,Sulfides,Sulfates,Olivene,Other REE Minerals,Carbonates,Clay Minerals,Other Minerals,[Unclassified],Biotite-Ti,Clinochlore,Ankerite+clay
CC-17-1 - Liberation analysis #1,,,,,,,,,,,,,,,,,,,,,,,,,,,,,,
Quartz,----,19.90,23.55,12.12,18.56,20.57,20.03,24.25,3.58,13.33,0.00,12.50,4.44,0.00,17.43,11.64,0.00,11.91,6.55,0.19,0.00,10.13,8.08,3.37,5.60,25.23,8.51,11.91,0.00,100.00
Plagioclase,12.14,----,39.15,8.40,5.03,1.96,1.60,0.00,5.18,0.00,75.00,0.00,0.65,0.00,1.49,0.56,0.00,3.44,1.96,0.00,0.00,8.70,8.78,3.21,66.82,0.00,3.23,3.10,0.00,0.00
Orthoclase,13.15,22.36,----,7.62,5.08,2.85,1.85,0.88,0.45,0.00,0.00,0.00,0.89,0.00,0.29,0.00,0.00,1.78,2.06,0.00,0.00,0.00,4.48,0.00,0.78,0.00,2.04,2.85,0.00,0.00
Muscovite,0.96,17.10,3.17,----,10.63,19.61,0.00,0.66,0.00,0.00,0.00,0.00,0.46,0.00,0.91,13.46,0.00,0.11,0.07,18.93,0.00,0.81,2.66,0.00,6.79,0.00,1.11,1.85,0.00,0.00
Biotite,1.51,0.89,2.16,14.82,----,26.58,2.65,3.93,13.27,0.00,0.00,56.06,10.48,10.00,6.93,24.25,0.00,2.67,0.41,0.00,0.00,3.85,11.10,0.00,5.34,0.00,1.61,15.93,0.00,0.00
Chlorite,0.06,0.03,0.03,0.70,1.49,----,0.00,5.80,3.56,0.00,0.00,0.00,0.00,0.00,10.42,5.99,0.00,0.13,0.00,0.00,0.00,0.00,0.00,0.00,0.33,0.00,0.10,1.09,0.00,0.00
Apatite,0.32,0.24,0.67,0.00,0.28,0.00,----,0.00,0.00,0.00,0.00,12.12,0.00,0.00,0.00,0.00,0.00,0.00,0.00,0.00,0.00,0.00,10.16,3.37,0.03,0.00,0.09,0.00,0.00,0.00
Pyroxene/Amphibole,1.25,0.00,0.02,1.42,0.01,1.53,0.00,----,0.00,0.00,0.00,0.00,0.00,0.00,1.17,0.00,0.00,1.40,0.10,0.14,0.00,0.00,0.00,0.00,0.02,0.00,0.37,0.11,0.00,0.00
Garnet,0.00,0.07,0.00,0.00,0.59,2.02,0.00,0.00,----,0.00,0.00,0.00,0.00,0.00,0.00,0.00,0.00,0.46,0.00,0.00,0.00,17.75,0.00,0.00,0.54,0.00,0.03,1.17,0.00,0.00
Epidote,0.00,0.00,0.00,0.00,0.00,0.00,0.00,0.00,0.00,----,0.00,0.00,0.00,0.00,0.00,0.00,0.00,0.04,0.00,0.00,0.00,0.00,0.00,0.00,0.00,0.00,0.00,0.00,0.00,0.00
Tourmaline,0.00,0.10,0.00,0.00,0.00,0.00,0.00,0.00,0.00,0.00,----,0.00,0.00,0.00,0.00,0.00,0.00,0.00,0.00,0.00,0.00,0.00,0.00,0.00,0.00,0.00,0.00,0.00,0.00,0.00
Other Silicates,0.00,0.00,0.00,0.00,0.05,0.00,0.33,0.00,0.00,0.00,0.00,----,0.00,0.00,0.00,0.00,0.00,0.00,0.00,0.00,0.00,0.00,0.00,0.00,1.93,0.00,0.00,0.00,0.00,0.00
Zircon,0.91,0.12,0.58,1.20,2.19,0.00,0.00,0.00,0.00,0.00,0.00,0.00,----,0.00,0.00,0.00,0.00,0.03,0.00,0.00,0.00,0.00,5.54,0.00,0.19,0.00,0.19,0.06,0.00,0.00
Titanite,0.00,0.00,0.00,0.00,0.00,0.00,0.00,0.00,0.00,0.00,0.00,0.00,0.00,----,0.00,0.00,0.00,0.04,0.00,0.00,0.00,0.00,0.00,0.00,0.00,0.00,0.00,0.00,0.00,0.00
Rutile,0.23,0.01,0.00,0.01,0.39,8.40,0.00,0.53,0.00,0.00,0.00,0.00,0.00,0.00,----,11.76,0.00,0.35,0.00,0.00,0.00,2.60,0.00,0.00,1.02,0.00,0.08,0.60,0.00,0.00
Ilmenite,0.15,0.00,0.00,1.35,0.46,4.29,0.00,0.00,0.00,0.00,0.00,0.00,0.00,0.00,28.87,----,0.00,0.12,0.00,0.00,0.00,1.24,0.00,0.00,1.70,0.00,0.04,0.00,0.00,0.00
Chromite,0.00,0.00,0.00,0.00,0.00,0.00,0.00,0.00,0.00,0.00,0.00,0.00,0.00,0.00,0.00,0.00,----,0.00,0.00,0.00,0.00,0.00,0.00,0.00,0.00,0.00,0.00,0.00,0.00,0.00
Fe oxides,0.92,0.65,0.19,1.24,2.16,0.51,0.00,44.75,30.89,16.67,0.00,0.00,0.52,40.00,8.00,5.47,0.00,----,40.35,41.54,0.00,26.97,2.02,8.11,1.29,0.00,50.39,34.20,0.00,0.00
Other oxides,1.06,0.33,0.74,0.74,0.27,0.00,0.00,1.35,0.00,0.00,0.00,0.00,0.00,0.00,0.00,0.00,0.00,13.37,----,0.00,0.00,0.00,3.81,0.00,0.02,0.00,9.18,5.93,0.00,0.00
Sulfides,0.03,0.00,0.00,0.01,0.00,0.00,0.00,0.44,0.00,0.00,0.00,0.00,0.00,0.00,0.00,0.00,0.00,1.45,0.00,----,0.00,0.00,0.00,0.00,0.00,0.00,0.12,0.00,0.00,0.00
Sulfates,0.00,0.00,0.00,0.00,0.00,0.00,0.00,0.00,0.00,0.00,0.00,0.00,0.00,0.00,0.00,0.00,0.00,0.00,0.00,0.00,----,0.00,0.00,0.00,0.00,0.00,0.00,0.00,0.00,0.00
Olivene,0.32,0.04,0.00,0.12,0.13,0.00,0.00,0.00,22.59,0.00,0.00,0.00,0.00,0.00,0.50,2.23,0.00,1.09,0.00,0.00,0.00,----,0.00,0.00,1.07,0.00,0.25,0.20,0.00,0.00
Other REE Minerals,0.19,0.18,0.79,2.78,3.97,0.05,2.00,0.00,0.00,0.00,0.00,0.00,1.34,0.00,0.00,0.89,0.00,0.00,0.17,0.00,0.00,0.00,----,0.00,0.02,0.00,0.34,0.00,0.00,0.00
Carbonates,0.00,0.09,0.00,0.00,0.00,0.00,20.22,0.00,0.00,0.00,0.00,0.00,0.00,0.00,0.00,0.00,0.00,1.18,0.00,0.00,0.00,0.00,0.00,----,0.00,0.00,0.00,0.00,0.00,0.00
Clay Minerals,0.08,5.01,0.13,2.73,6.99,0.62,1.16,1.22,0.52,0.00,0.00,19.32,0.07,0.00,0.55,2.09,0.00,0.06,0.06,0.00,0.00,3.55,0.24,0.00,----,0.00,0.09,0.24,0.00,0.00
Other Minerals,0.02,0.00,0.00,0.00,0.00,0.00,0.00,0.00,0.00,0.00,0.00,0.00,0.00,0.00,0.00,0.00,0.00,0.00,0.00,0.00,0.00,0.00,0.00,0.00,0.00,----,0.00,0.00,0.00,0.00
Biotite-Ti,0.06,0.49,0.35,0.96,5.33,9.29,0.00,1.37,11.22,0.00,0.00,0.00,0.94,0.00,1.69,0.00,0.00,5.20,3.14,0.00,0.00,4.15,0.00,0.00,0.01,0.00,2.35,----,0.00,0.00
Clinochlore,0.00,0.00,0.00,0.00,0.00,0.00,0.00,0.00,0.00,0.00,0.00,0.00,0.00,0.00,0.00,0.00,0.00,0.00,0.00,0.00,0.00,0.00,0.00,0.00,0.00,0.00,0.00,0.00,----,0.00
Ankerite+clay,0.07,0.00,0.00,0.00,0.00,0.00,0.00,0.00,0.00,0.00,0.00,0.00,0.00,0.00,0.00,0.00,0.00,0.00,0.00,0.00,0.00,0.00,0.00,0.00,0.00,0.00,0.00,0.00,0.00,----
[Unclassified],6.39,7.41,8.45,20.62,7.15,1.46,16.82,11.71,2.05,3.33,0.00,0.00,47.83,0.00,14.80,3.79,0.00,51.68,28.99,7.49,0.00,14.21,33.90,0.00,1.80,0.00,----,12.00,0.00,0.00
Free particles,60.17,24.98,20.02,23.17,29.25,0.26,33.33,3.09,6.68,66.67,25.00,0.00,32.38,50.00,6.95,17.86,0.00,3.50,16.13,31.70,0.00,6.05,9.24,81.95,4.70,74.77,19.90,8.77,0.00,0.00
Total,100.00,100.00,100.00,100.00,100.00,100.00,100.00,100.00,100.00,100.00,100.00,100.00,100.00,100.00,100.00,100.00,0.00,100.00,100.00,100.00,0.00,100.00,100.00,100.00,100.00,100.00,100.00,100.00,0.00,100.00
CC-17-GR - Liberation analysis #1,,,,,,,,,,,,,,,,,,,,,,,,,,,,,,
Quartz,----,34.81,33.87,26.55,20.71,18.53,7.13,23.21,10.27,0.91,55.57,6.03,27.33,0.00,9.56,11.06,0.00,20.99,16.51,15.22,50.37,40.48,12.31,21.38,5.63,0.00,14.10,15.12,0.00,0.00
Plagioclase,45.17,----,55.28,35.72,28.68,10.28,64.44,25.57,54.91,49.98,25.31,20.03,29.81,0.00,16.22,8.53,0.00,12.86,0.00,13.24,0.00,26.99,32.12,68.98,69.70,80.00,46.78,18.02,0.00,0.00
Orthoclase,38.20,38.91,----,16.94,15.75,19.34,14.02,3.21,5.66,0.91,2.69,17.34,24.71,0.00,5.91,3.67,0.00,2.86,33.61,13.42,49.63,3.65,7.40,1.96,5.26,15.00,11.72,7.59,0.00,0.00
Muscovite,8.79,14.32,5.32,----,21.10,13.53,5.87,5.82,6.57,25.91,2.60,9.28,9.46,0.00,14.75,8.29,0.00,15.34,8.43,13.91,0.00,1.64,13.33,0.00,8.11,0.00,12.25,15.23,0.00,0.00
Biotite,4.62,5.27,3.52,14.15,----,20.63,5.81,1.59,13.63,14.30,3.00,32.42,7.50,0.00,32.75,32.65,0.00,16.17,0.00,6.43,0.00,12.70,30.38,5.20,3.71,0.00,5.42,26.50,0.00,0.00
Chlorite,0.12,0.13,0.21,0.40,1.75,----,0.39,0.07,1.86,0.00,0.00,1.13,0.04,0.00,6.98,11.42,0.00,0.79,0.00,0.41,0.00,0.00,0.09,0.00,0.14,0.00,0.38,5.28,0.00,0.00
Apatite,0.06,0.25,0.13,0.13,0.14,0.35,----,0.00,0.21,6.38,0.00,1.51,0.00,0.00,0.00,0.00,0.00,0.03,0.00,0.02,0.00,0.00,0.93,0.00,0.00,0.00,0.06,0.01,0.00,0.00
Pyroxene/Amphibole,0.33,0.08,0.02,0.04,0.09,0.06,0.00,----,0.15,0.00,1.06,0.00,0.00,0.00,0.00,0.00,0.00,0.36,12.30,0.32,0.00,1.24,0.00,2.48,0.01,0.00,2.78,0.07,0.00,0.00
Garnet,0.05,0.27,0.03,0.11,0.32,0.80,0.47,0.07,----,0.00,0.00,1.85,0.00,0.00,0.00,0.35,0.00,0.33,0.00,0.08,0.00,0.86,0.24,0.00,0.10,0.00,0.09,0.27,0.00,0.00
Epidote,0.00,0.01,0.00,0.01,0.02,0.00,0.62,0.00,0.00,----,0.00,0.00,0.00,0.00,0.00,0.00,0.00,0.00,0.00,0.00,0.00,0.00,0.00,0.00,0.00,0.00,0.01,0.00,0.00,0.00
Tourmaline,0.08,0.02,0.00,0.01,0.01,0.00,0.00,0.05,0.00,0.00,----,0.00,0.00,0.00,0.00,0.00,0.00,0.00,0.00,0.00,0.00,0.00,0.00,0.00,0.19,0.00,0.01,0.01,0.00,0.00
Other Silicates,0.00,0.01,0.01,0.03,0.14,0.09,0.28,0.00,0.18,0.00,0.00,----,0.00,0.00,0.00,0.00,0.00,0.02,0.00,0.06,0.00,0.00,0.00,0.00,0.18,0.00,0.00,0.05,0.00,0.00
Zircon,0.17,0.12,0.13,0.10,0.16,0.01,0.00,0.00,0.00,0.00,0.00,0.00,----,0.00,0.00,0.00,0.00,0.00,0.00,0.00,0.00,0.00,0.04,0.00,0.00,0.00,0.03,0.04,0.00,0.00
Titanite,0.00,0.00,0.00,0.00,0.00,0.00,0.00,0.00,0.00,0.00,0.00,0.00,0.00,----,0.00,0.00,0.00,0.00,0.00,0.00,0.00,0.00,0.00,0.00,0.00,0.00,0.00,0.00,0.00,0.00
Rutile,0.02,0.03,0.02,0.09,0.45,1.74,0.00,0.00,0.00,0.00,0.00,0.00,0.00,0.00,----,0.29,0.00,0.23,0.00,0.97,0.00,0.00,0.00,0.00,0.01,0.00,0.03,1.31,0.00,0.00
Ilmenite,0.01,0.00,0.00,0.02,0.09,0.83,0.00,0.00,0.03,0.00,0.00,0.00,0.00,0.00,0.05,----,0.00,0.13,0.00,0.46,0.00,0.00,0.00,0.00,0.01,0.00,0.00,1.31,0.00,0.00
Chromite,0.00,0.00,0.00,0.00,0.00,0.00,0.00,0.00,0.00,0.00,0.00,0.00,0.00,0.00,0.00,0.00,----,0.00,0.00,0.00,0.00,0.00,0.00,0.00,0.00,0.00,0.00,0.00,0.00,0.00
Fe oxides,0.12,0.08,0.02,0.34,0.53,0.46,0.02,0.16,0.23,0.00,0.00,0.43,0.00,0.00,0.45,1.30,0.00,----,0.00,26.22,0.00,4.95,0.00,0.00,0.01,0.00,0.47,0.80,0.00,0.00
Other oxides,0.00,0.00,0.00,0.00,0.00,0.00,0.00,0.13,0.00,0.00,0.00,0.00,0.00,0.00,0.00,0.00,0.00,0.00,----,0.00,0.00,0.00,0.00,0.00,0.00,0.00,0.03,0.00,0.00,0.00
Sulfides,0.07,0.05,0.05,0.19,0.42,0.10,0.04,0.18,0.17,0.00,0.00,1.28,0.00,0.00,1.97,2.27,0.00,20.50,0.00,----,0.00,1.02,0.00,0.00,0.00,0.00,0.51,0.19,0.00,0.00
Sulfates,0.00,0.00,0.00,0.00,0.00,0.00,0.00,0.00,0.00,0.00,0.00,0.00,0.00,0.00,0.00,0.00,0.00,0.00,0.00,0.00,----,0.00,0.00,0.00,0.00,0.00,0.00,0.00,0.00,0.00
Olivene,0.13,0.06,0.01,0.01,0.10,0.00,0.00,0.19,0.54,0.00,0.00,0.00,0.00,0.00,0.00,0.00,0.00,1.12,0.00,0.22,0.00,----,0.00,0.00,0.05,0.00,0.15,0.17,0.00,0.00
Other REE Minerals,0.05,0.10,0.05,0.10,0.46,0.01,0.38,0.00,0.26,0.00,0.00,0.00,0.03,0.00,0.00,0.00,0.00,0.00,0.00,0.00,0.00,0.00,----,0.00,0.00,0.00,0.09,0.11,0.00,0.00
Carbonates,0.00,0.00,0.00,0.00,0.00,0.00,0.00,0.02,0.00,0.00,0.00,0.00,0.00,0.00,0.00,0.00,0.00,0.00,0.00,0.00,0.00,0.00,0.00,----,0.00,0.00,0.00,0.00,0.00,0.00
Clay Minerals,0.62,2.36,0.36,1.69,3.86,5.87,0.02,0.86,1.48,0.00,5.56,4.57,0.00,0.00,2.47,5.21,0.00,0.17,4.22,0.26,0.00,0.57,0.47,0.00,----,0.00,1.82,5.76,0.00,0.00
Other Minerals,0.00,0.00,0.00,0.00,0.00,0.00,0.00,0.00,0.00,0.00,0.00,0.00,0.00,0.00,0.00,0.00,0.00,0.00,0.00,0.00,0.00,0.00,0.00,0.00,0.00,----,0.00,0.00,0.00,0.00
Biotite-Ti,0.32,0.47,0.15,0.99,3.66,5.79,0.02,0.15,2.06,0.00,0.36,3.72,0.40,0.00,6.45,14.70,0.00,3.15,0.00,0.90,0.00,2.83,0.43,0.00,0.39,0.00,0.79,----,0.00,0.00
Clinochlore,0.00,0.00,0.00,0.00,0.00,0.00,0.00,0.00,0.00,0.00,0.00,0.00,0.00,0.00,0.00,0.00,0.00,0.00,0.00,0.00,0.00,0.00,0.00,0.00,0.00,0.00,0.00,0.00,----,0.00
Ankerite+clay,0.00,0.00,0.00,0.00,0.00,0.00,0.00,0.00,0.00,0.00,0.00,0.00,0.00,0.00,0.00,0.00,0.00,0.00,0.00,0.00,0.00,0.00,0.00,0.00,0.00,0.00,0.00,0.00,0.00,----
[Unclassified],1.06,2.58,0.81,2.34,1.54,1.46,0.49,30.39,1.21,1.60,0.64,0.00,0.59,0.00,0.68,0.26,0.00,4.95,21.66,7.79,0.00,3.08,2.25,0.00,2.47,5.00,----,1.97,0.00,0.00
Free particles,0.00,0.08,0.00,0.02,0.01,0.13,0.00,8.32,0.56,0.00,3.21,0.41,0.12,0.00,1.75,0.00,0.00,0.00,3.28,0.07,0.00,0.00,0.00,0.00,4.04,0.00,2.47,0.20,0.00,0.00
Total,100.00,100.00,100.00,100.00,100.00,100.00,100.00,100.00,100.00,100.00,100.00,100.00,100.00,0.00,100.00,100.00,0.00,100.00,100.00,100.00,100.00,100.00,100.00,100.00,100.00,100.00,100.00,100.00,0.00,0.00
CCR-18-1 - Liberation analysis #1,,,,,,,,,,,,,,,,,,,,,,,,,,,,,,
Quartz,----,12.89,11.36,13.81,4.39,3.71,1.18,2.53,10.38,16.59,13.11,0.00,5.87,3.19,16.64,4.26,0.25,3.08,0.68,3.53,0.00,17.45,15.79,2.40,4.87,22.78,7.07,16.78,7.73,8.23
Plagioclase,11.39,----,50.35,40.35,3.73,1.81,3.63,0.08,3.71,24.97,6.45,0.00,4.00,2.73,1.72,1.61,0.00,0.00,0.00,0.00,0.00,0.00,10.42,12.17,29.81,0.00,4.87,3.97,19.54,0.29
Orthoclase,8.13,14.76,----,4.41,1.94,0.00,0.87,0.81,0.30,1.56,4.05,0.00,1.24,1.61,0.74,0.55,0.00,0.00,0.00,0.00,0.00,0.00,0.89,0.00,3.42,0.00,1.16,7.36,0.34,0.00
Muscovite,1.64,9.76,0.40,----,0.75,0.58,0.00,0.01,0.25,1.40,0.00,0.00,0.12,0.37,1.79,0.55,0.00,0.00,0.00,0.00,0.00,0.00,0.00,0.00,4.98,0.00,1.79,0.52,0.75,0.00
Biotite,0.75,0.34,0.36,2.59,----,5.48,0.01,0.69,0.45,3.13,0.00,0.00,0.70,0.72,1.01,1.73,0.00,0.76,0.15,0.00,0.00,0.00,3.46,0.00,0.22,0.00,0.03,0.59,0.00,0.10
Chlorite,0.12,0.48,0.00,2.34,1.19,----,0.00,1.13,4.22,0.43,3.04,0.00,0.25,0.05,0.00,0.25,0.28,1.49,0.00,0.00,0.00,2.13,0.02,0.00,0.22,0.00,0.36,1.94,1.33,0.00
Apatite,0.90,0.50,1.00,0.00,0.47,0.00,----,0.78,1.12,1.77,0.04,1.06,7.24,6.90,2.06,2.73,0.00,0.00,0.30,0.00,0.00,0.00,4.13,0.00,0.40,0.00,1.33,0.00,0.00,0.34
Pyroxene/Amphibole,0.11,0.45,0.25,0.15,2.34,0.29,0.06,----,0.62,1.12,0.11,0.00,1.50,0.96,0.52,0.26,0.00,2.90,0.45,5.33,0.00,0.00,0.07,0.00,4.47,0.00,1.73,11.42,2.53,0.13
Garnet,0.58,1.10,0.05,0.49,1.97,27.66,1.14,0.20,----,1.07,1.69,0.85,0.82,1.25,0.40,0.33,0.09,5.53,0.00,7.26,0.00,33.33,0.04,4.64,3.28,28.39,9.36,9.00,2.72,3.79
Epidote,4.97,18.20,1.45,11.33,20.92,2.94,1.35,1.19,3.34,----,11.75,0.46,1.30,1.43,0.69,1.82,0.00,0.00,0.00,0.00,0.00,0.00,2.25,12.14,7.37,0.00,13.05,8.63,28.30,38.28
Tourmaline,0.12,0.96,0.02,0.00,0.00,3.26,0.00,0.00,0.49,0.50,----,0.00,0.00,0.12,0.00,0.00,0.00,0.00,0.00,0.00,0.00,0.00,0.00,0.00,3.69,0.00,0.41,0.47,1.64,0.00
Other Silicates,0.00,0.00,0.00,0.00,0.00,0.00,0.76,0.00,1.44,0.04,0.00,----,0.08,0.04,0.54,0.04,0.00,0.00,0.00,0.00,0.00,0.00,0.00,0.00,4.50,0.00,0.33,0.00,0.00,0.00
Zircon,2.14,0.18,0.32,0.15,1.67,0.05,2.56,3.56,0.84,1.05,0.00,0.08,----,3.13,1.30,1.70,0.00,3.67,0.23,0.00,0.00,0.00,1.09,0.00,0.21,0.00,14.50,0.00,0.00,0.00
Titanite,0.91,1.03,0.45,0.60,7.23,0.97,2.74,0.88,1.87,4.82,2.07,0.20,4.30,----,13.26,10.36,0.00,8.72,17.43,0.00,0.00,0.00,0.91,9.98,8.34,0.00,8.64,3.66,12.01,1.98
Rutile,2.28,1.17,2.33,4.94,3.16,0.00,1.26,1.04,1.06,1.33,0.00,0.72,0.54,16.05,----,20.63,0.00,1.13,5.74,0.00,0.00,0.00,0.55,3.89,10.85,0.00,4.74,0.85,4.60,0.11
Ilmenite,2.32,1.59,0.70,6.15,18.99,0.91,3.56,4.32,1.58,1.00,0.02,14.86,2.10,7.47,35.10,----,0.00,28.97,46.87,3.23,80.00,0.00,1.90,8.98,2.79,0.00,3.66,1.13,6.17,0.91
Chromite,0.01,0.00,0.00,0.00,0.00,0.04,0.00,0.00,0.00,0.00,0.00,0.00,0.00,0.00,0.00,0.00,----,0.00,0.00,0.00,0.00,0.00,0.37,0.00,0.08,0.00,0.88,0.00,3.43,0.00
Fe oxides,0.00,0.00,0.00,0.00,0.15,1.55,0.00,0.83,1.16,0.00,0.00,0.00,0.29,0.37,0.02,0.32,0.00,----,0.00,0.00,0.00,8.51,0.00,0.00,0.00,0.00,0.14,0.15,0.00,0.00
Other oxides,0.75,0.00,0.00,0.00,0.05,0.00,0.00,0.01,0.00,0.00,0.00,0.00,0.00,1.06,1.16,3.95,0.00,0.00,----,0.00,0.00,0.00,0.34,1.50,0.00,0.00,0.08,0.00,0.00,0.00
Sulfides,0.75,0.00,0.00,0.00,0.00,0.00,0.00,0.07,0.42,0.00,0.00,0.00,0.00,0.00,0.00,0.25,0.00,0.00,0.00,----,0.00,0.00,0.00,0.00,0.00,0.00,0.00,1.35,0.00,0.00
Sulfates,0.00,0.00,0.00,0.00,0.00,0.00,0.00,0.00,0.00,0.00,0.00,0.00,0.00,0.00,0.00,0.05,0.00,0.00,0.00,0.00,----,0.00,0.00,0.00,0.00,0.00,0.02,0.00,0.00,0.00
Olivene,0.23,0.00,0.00,0.00,0.00,0.07,0.00,0.00,0.45,0.00,0.00,0.00,0.00,0.00,0.00,0.00,0.00,0.54,0.00,0.00,0.00,----,0.00,0.00,0.00,0.00,0.03,0.05,0.00,0.00
Other REE Minerals,1.98,0.02,0.38,0.00,1.46,0.08,0.04,0.01,0.24,0.51,0.00,0.00,0.02,0.61,0.79,0.64,0.03,0.00,1.28,0.00,0.00,0.00,----,0.00,0.06,0.00,1.81,0.02,0.00,0.00
Carbonates,0.00,0.01,0.00,0.00,0.00,0.00,0.00,0.00,0.27,0.08,0.00,0.00,0.00,0.01,0.02,0.01,0.00,0.00,0.20,0.00,0.00,0.00,0.00,----,0.00,0.00,0.00,0.00,0.79,0.00
Clay Minerals,1.21,4.22,0.31,5.27,1.81,0.92,0.18,5.95,1.00,2.83,8.99,11.68,0.50,1.28,6.12,0.81,12.85,0.00,0.00,0.00,0.00,0.00,1.36,0.00,----,0.00,1.05,5.75,4.57,0.04
Other Minerals,0.06,0.00,0.00,0.00,0.00,0.00,0.00,0.00,0.19,0.00,0.00,0.00,0.00,0.00,0.00,0.00,0.00,0.00,0.00,0.00,0.00,0.00,0.00,0.00,0.00,----,0.00,0.00,0.00,0.00
Biotite-Ti,0.28,0.30,0.20,1.13,1.69,11.53,0.00,10.38,6.83,1.62,1.28,0.00,0.00,0.09,0.62,0.13,0.00,1.14,0.00,4.15,0.00,4.54,0.21,0.00,1.07,0.00,0.31,----,1.88,0.10
Clinochlore,0.54,0.17,0.01,0.39,0.00,2.14,0.00,0.14,0.03,0.51,3.21,0.00,0.00,0.35,0.22,0.10,2.06,0.00,0.00,0.00,0.00,0.00,0.00,1.77,0.87,0.00,0.13,0.17,----,0.43
Ankerite+clay,0.01,0.01,0.00,0.00,0.14,0.00,0.01,0.01,0.41,0.12,0.00,0.00,0.00,0.12,0.00,0.02,0.00,0.00,0.00,0.00,0.00,0.00,0.00,0.00,0.00,0.00,0.13,0.05,0.52,----
[Unclassified],4.26,3.67,3.12,5.14,0.09,5.07,4.45,8.08,14.42,5.99,6.12,44.19,23.60,6.61,3.31,2.30,37.53,3.33,0.91,0.00,20.00,4.26,24.73,0.00,6.34,0.00,----,1.48,0.92,26.61
Free particles,53.54,28.20,26.92,0.76,25.87,30.96,76.18,57.31,42.91,27.57,38.06,25.89,45.52,43.47,11.97,44.61,46.90,38.73,25.76,76.50,0.00,29.79,31.46,42.54,2.17,48.83,22.38,24.67,0.23,18.66
Total,100.00,100.00,100.00,100.00,100.00,100.00,100.00,100.00,100.00,100.00,100.00,100.00,100.00,100.00,100.00,100.00,100.00,100.00,100.00,100.00,100.00,100.00,100.00,100.00,100.00,100.00,100.00,100.00,100.00,100.00
EDF17-1 - Liberation analysis #1,,,,,,,,,,,,,,,,,,,,,,,,,,,,,,
Quartz,----,32.91,32.18,24.04,29.01,17.57,24.78,21.87,20.00,19.74,24.95,21.17,24.15,100.00,26.90,23.49,0.00,26.23,14.95,7.74,0.00,32.36,47.01,12.53,27.61,0.00,19.27,23.36,15.34,0.00
Plagioclase,40.22,----,47.57,36.67,15.73,16.50,32.36,4.18,31.45,17.43,16.08,15.22,26.90,0.00,20.55,11.68,0.00,18.25,7.34,5.68,0.00,23.67,19.30,5.46,33.53,68.19,27.49,19.38,18.54,0.00
Orthoclase,30.13,31.91,----,20.93,15.65,5.57,19.03,7.10,10.40,11.14,8.08,9.04,17.11,0.00,14.72,11.10,0.00,15.99,7.42,17.36,0.00,10.56,24.84,14.29,16.69,31.81,14.25,10.29,15.49,0.00
Muscovite,2.24,5.78,2.06,----,1.10,1.57,1.22,0.17,0.82,0.18,0.90,0.62,1.08,0.00,1.23,0.75,0.00,0.73,0.00,0.52,0.00,0.44,0.00,0.00,1.90,0.00,1.91,0.59,3.78,0.00
Biotite,4.05,2.33,2.75,2.51,----,20.06,2.22,0.19,4.18,9.56,1.06,1.93,1.50,0.00,5.91,10.59,0.00,8.49,2.11,0.00,0.00,7.33,0.00,0.00,1.31,0.00,1.68,20.65,1.23,0.00
Chlorite,0.04,0.02,0.02,0.04,0.60,----,0.00,0.00,1.15,0.00,0.05,0.16,0.00,0.00,0.07,0.07,0.00,0.14,0.00,0.00,0.00,0.37,0.00,0.00,0.01,0.00,0.04,0.58,4.47,0.00
Apatite,0.35,0.40,0.23,0.18,0.26,0.00,----,0.21,0.04,19.65,0.07,0.61,3.34,0.00,0.46,0.06,0.00,0.03,0.00,0.00,0.00,0.00,0.52,14.94,0.15,0.00,0.18,0.16,0.00,0.00
Pyroxene/Amphibole,0.37,0.07,0.08,0.09,0.10,0.00,0.38,----,0.03,0.00,0.01,0.00,0.00,0.00,0.01,0.27,0.00,0.82,12.27,0.00,0.00,0.51,0.00,0.00,0.05,0.00,5.60,0.11,0.00,0.00
Garnet,0.20,0.34,0.14,0.11,0.32,2.84,0.04,0.01,----,2.28,1.79,0.43,0.20,0.00,0.24,0.50,0.00,1.08,0.00,0.00,0.00,1.62,0.00,0.00,0.11,0.00,0.25,1.17,2.35,0.00
Epidote,0.01,0.01,0.00,0.00,0.05,0.00,1.71,0.00,0.03,----,0.00,0.01,0.12,0.00,0.00,0.00,0.00,0.00,0.00,0.00,0.00,0.00,0.00,0.00,0.01,0.00,0.00,0.01,0.00,0.00
Tourmaline,0.45,0.22,0.15,0.11,0.08,0.06,0.10,0.00,1.59,0.00,----,2.76,0.00,0.00,0.26,0.42,0.00,0.70,0.00,0.00,0.00,0.83,0.00,0.00,0.81,0.00,0.41,0.26,0.17,0.00
Other Silicates,0.36,0.22,0.18,0.13,0.29,0.78,0.73,0.00,0.56,0.43,3.16,----,0.21,0.00,0.35,0.35,0.00,0.34,0.55,0.00,0.00,0.46,0.00,0.00,0.94,0.00,0.56,0.35,0.21,0.00
Zircon,0.12,0.11,0.07,0.14,0.01,0.00,0.42,0.00,0.06,0.91,0.00,0.01,----,0.00,0.12,0.17,0.00,0.27,0.00,19.07,0.00,0.03,0.00,0.00,0.04,0.00,0.10,0.01,0.00,0.00
Titanite,0.00,0.00,0.00,0.00,0.00,0.00,0.00,0.00,0.00,0.00,0.00,0.00,0.00,----,0.00,0.00,0.00,0.00,0.00,0.00,0.00,0.00,0.00,0.00,0.00,0.00,0.00,0.00,0.00,0.00
Rutile,1.00,0.87,0.67,0.78,2.08,1.09,0.55,0.01,0.82,0.00,0.67,0.70,1.07,0.00,----,20.72,0.00,0.63,3.32,0.00,0.00,0.12,0.00,0.00,0.70,0.00,0.67,1.43,0.00,0.00
Ilmenite,0.13,0.06,0.06,0.02,0.53,0.13,0.01,0.24,0.31,0.00,0.18,0.13,1.11,0.00,4.32,----,0.00,0.36,0.30,0.00,0.00,0.07,0.00,0.00,0.06,0.00,0.08,0.30,0.00,0.00
Chromite,0.00,0.00,0.00,0.00,0.00,0.00,0.00,0.00,0.00,0.00,0.00,0.00,0.00,0.00,0.00,0.00,----,0.00,0.00,0.00,0.00,0.00,0.00,0.00,0.00,0.00,0.00,0.00,0.00,0.00
Fe oxides,0.17,0.09,0.13,0.06,0.53,0.66,0.07,0.05,0.70,0.00,0.34,0.11,0.41,0.00,0.12,0.37,0.00,----,0.00,0.00,0.00,1.84,0.00,0.00,0.03,0.00,0.27,0.71,0.00,0.00
Other oxides,0.01,0.00,0.00,0.00,0.00,0.00,0.00,0.29,0.00,0.00,0.00,0.01,0.00,0.00,0.03,0.03,0.00,0.00,----,0.00,0.00,0.00,2.88,0.00,0.00,0.00,0.10,0.00,0.00,0.00
Sulfides,0.00,0.00,0.00,0.00,0.00,0.00,0.00,0.00,0.00,0.00,0.00,0.00,1.38,0.00,0.00,0.00,0.00,0.00,0.00,----,0.00,0.00,0.00,0.00,0.00,0.00,0.00,0.00,0.00,0.00
Sulfates,0.00,0.00,0.00,0.00,0.00,0.00,0.00,0.00,0.00,0.00,0.00,0.00,0.00,0.00,0.00,0.00,0.00,0.00,0.00,0.00,----,0.00,0.00,0.00,0.00,0.00,0.00,0.00,0.00,0.00
Olivene,0.12,0.08,0.05,0.01,0.15,0.42,0.00,0.04,0.46,0.00,0.21,0.05,0.07,0.00,0.01,0.03,0.00,0.84,0.00,0.00,0.00,----,0.00,0.00,0.02,0.00,0.07,0.36,0.00,0.00
Other REE Minerals,0.03,0.03,0.01,0.00,0.00,0.00,0.68,0.00,0.00,0.00,0.00,0.00,0.00,0.00,0.00,0.00,0.00,0.00,1.81,0.00,0.00,0.00,----,0.00,0.00,0.00,0.01,0.00,0.00,0.00
Carbonates,0.00,0.00,0.01,0.00,0.00,0.00,0.35,0.00,0.00,0.00,0.00,0.00,0.00,0.00,0.00,0.00,0.00,0.00,0.00,0.00,0.00,0.00,0.00,----,0.00,0.00,0.03,0.00,0.00,0.00
Clay Minerals,12.18,12.32,7.56,7.99,16.97,8.46,5.94,0.95,5.09,10.06,15.31,18.37,6.89,0.00,10.23,6.40,0.00,3.15,2.86,0.00,0.00,2.54,0.00,0.00,----,0.00,8.90,9.60,9.60,0.00
Other Minerals,0.00,0.01,0.00,0.00,0.00,0.00,0.00,0.00,0.00,0.00,0.00,0.00,0.00,0.00,0.00,0.00,0.00,0.00,0.00,0.00,0.00,0.00,0.00,0.00,0.00,----,0.00,0.00,0.00,0.00
Biotite-Ti,1.84,1.59,1.05,0.62,12.72,10.76,1.49,0.20,7.08,5.48,1.63,1.53,0.77,0.00,2.26,3.57,0.00,9.19,0.00,0.00,0.00,8.08,0.00,0.00,0.59,0.00,1.24,----,24.43,0.00
Clinochlore,0.01,0.02,0.01,0.12,0.01,2.40,0.00,0.00,0.20,0.00,0.05,0.02,0.00,0.00,0.00,0.00,0.00,0.00,0.00,0.00,0.00,0.00,0.00,0.00,0.01,0.00,0.02,0.62,----,0.00
Ankerite+clay,0.00,0.00,0.00,0.00,0.00,0.00,0.00,0.00,0.00,0.00,0.00,0.00,0.00,0.00,0.00,0.00,0.00,0.00,0.00,0.00,0.00,0.00,0.00,0.00,0.00,0.00,0.00,0.00,0.00,----
[Unclassified],4.14,6.13,3.76,4.40,2.50,3.78,5.39,47.83,4.48,1.76,6.14,6.48,13.19,0.00,3.33,2.58,0.00,7.97,27.10,12.38,0.00,4.41,5.44,29.72,5.25,0.00,----,3.00,3.51,0.00
Free particles,1.87,4.50,1.24,1.02,1.30,7.36,2.52,16.66,10.55,1.37,19.33,20.63,0.51,0.00,8.88,6.84,0.00,4.79,19.97,37.25,0.00,4.76,0.00,23.06,10.20,0.00,16.87,7.07,0.87,0.00
Total,100.00,100.00,100.00,100.00,100.00,100.00,100.00,100.00,100.00,100.00,100.00,100.00,100.00,100.00,100.00,100.00,0.00,100.00,100.00,100.00,0.00,100.00,100.00,100.00,100.00,100.00,100.00,100.00,100.00,0.00
EDF-17-1 - Liberation analysis #1,,,,,,,,,,,,,,,,,,,,,,,,,,,,,,
Quartz,----,15.87,16.88,41.76,14.59,3.65,1.54,19.97,8.11,2.48,51.66,11.73,6.77,0.00,20.92,5.24,0.00,0.68,0.00,0.00,0.00,20.45,2.43,0.00,25.84,0.00,9.21,11.52,0.00,0.00
Plagioclase,12.64,----,48.26,16.75,5.62,0.13,2.71,0.00,1.43,13.94,4.62,3.53,1.86,0.00,5.32,0.87,0.00,0.29,0.00,0.00,0.00,7.61,0.88,0.00,18.22,0.00,5.00,1.38,0.00,0.00
Orthoclase,8.44,26.17,----,11.46,6.74,0.00,0.28,1.22,0.15,28.25,0.00,5.69,2.84,0.00,5.40,0.88,0.00,0.16,0.00,0.00,0.00,22.13,0.31,4.21,4.78,0.00,3.15,12.49,0.00,0.00
Muscovite,2.19,12.78,0.75,----,2.17,0.42,0.06,0.00,1.19,0.00,0.09,0.77,0.36,0.00,3.65,2.44,0.00,0.00,0.00,0.00,0.00,0.00,0.12,0.00,4.75,0.00,1.27,2.02,0.00,0.00
Biotite,1.35,0.46,1.11,2.17,----,1.12,0.11,2.25,2.45,0.00,0.00,1.98,1.55,0.00,1.62,1.28,0.00,0.06,0.53,0.00,0.00,9.72,0.96,0.00,1.94,0.00,0.81,13.65,0.00,0.00
Chlorite,0.01,0.01,0.00,0.15,0.28,----,0.00,3.01,2.12,0.22,0.00,0.00,0.40,0.00,0.10,0.00,0.00,2.61,0.00,0.00,0.00,0.00,0.01,0.00,0.18,0.00,0.71,1.72,0.00,0.00
Apatite,1.33,1.94,1.33,0.10,15.75,0.01,----,1.50,3.05,12.79,0.00,27.21,6.44,12.35,2.12,0.00,0.00,0.58,0.00,0.00,0.00,0.00,4.11,17.10,3.94,0.00,5.89,0.27,0.00,50.00
Pyroxene/Amphibole,0.23,0.00,0.01,0.00,0.07,0.01,0.00,----,0.11,0.22,0.00,0.00,0.00,0.00,0.00,0.00,0.00,16.89,0.00,0.00,0.00,4.17,0.00,0.00,0.00,0.00,0.24,0.00,0.00,0.00
Garnet,0.25,0.25,0.02,0.17,9.52,13.81,1.40,18.32,----,2.23,0.19,0.39,1.24,0.00,0.16,1.24,0.00,0.39,1.00,0.00,0.00,6.94,0.00,0.00,2.26,0.00,6.07,15.47,0.00,0.00
Epidote,0.11,0.08,0.01,0.00,0.00,0.01,1.55,1.50,0.51,----,0.00,1.23,0.03,0.00,0.43,0.00,0.00,0.00,0.00,0.00,0.00,0.00,0.00,0.00,0.01,0.00,0.06,0.03,0.00,0.00
Tourmaline,0.29,0.01,0.00,0.07,0.00,0.00,0.00,0.00,0.05,0.00,----,3.09,0.05,0.00,0.00,0.00,0.00,0.00,0.00,0.00,0.00,0.00,0.00,0.00,0.50,0.00,0.59,0.00,0.00,0.00
Other Silicates,0.16,0.55,0.36,0.32,2.55,0.00,0.54,0.00,0.03,1.39,0.32,----,0.31,0.00,0.55,0.00,0.00,0.00,0.00,0.00,0.00,0.00,0.00,0.00,2.22,0.00,0.07,0.06,0.00,0.00
Zircon,1.72,1.18,0.33,0.21,1.89,7.76,1.95,0.00,2.85,6.97,0.13,7.50,----,0.00,2.95,3.53,0.00,0.42,1.33,0.00,0.00,0.00,1.03,3.42,0.64,2.38,26.80,0.82,100.00,0.00
Titanite,0.00,0.00,0.00,0.00,0.00,0.00,0.00,0.00,0.00,0.00,0.00,0.00,0.00,----,0.13,0.00,0.00,0.00,0.00,0.00,0.00,0.00,0.00,0.00,0.00,0.00,0.00,0.00,0.00,0.00
Rutile,1.69,1.88,0.84,5.04,1.93,3.13,0.33,0.00,0.10,3.02,0.00,6.27,0.86,32.10,----,62.15,0.00,0.08,4.69,0.00,0.00,0.00,0.32,4.49,6.33,0.00,2.45,2.39,0.00,0.00
Ilmenite,0.01,0.07,0.08,0.51,0.20,0.00,0.00,0.00,0.44,0.00,0.00,0.00,0.43,0.00,7.99,----,0.00,0.00,0.00,0.00,0.00,0.00,0.00,0.00,0.24,0.00,0.02,0.07,0.00,0.00
Chromite,0.00,0.00,0.00,0.00,0.00,0.00,0.00,0.00,0.00,0.00,0.00,0.00,0.00,0.00,0.00,0.00,----,0.00,0.00,0.00,0.00,0.00,0.00,0.00,0.00,0.00,0.00,0.00,0.00,0.00
Fe oxides,0.02,0.01,0.01,0.00,0.05,2.33,0.10,5.64,0.20,0.00,0.00,0.00,0.03,0.00,0.40,0.00,0.00,----,11.10,14.12,0.00,5.36,0.00,0.00,0.00,0.00,0.95,0.07,0.00,0.00
Other oxides,0.00,0.00,0.00,0.00,0.26,0.00,0.00,0.00,0.06,0.00,0.00,0.00,0.18,0.00,1.21,0.00,0.00,22.58,----,0.00,0.00,0.00,3.14,0.00,0.00,0.00,1.52,0.00,0.00,0.00
Sulfides,0.00,0.00,0.00,0.00,0.00,0.00,0.00,0.00,0.00,0.00,0.00,0.00,0.00,0.00,0.00,0.00,0.00,0.16,0.00,----,0.00,0.00,0.00,0.00,0.00,0.00,0.12,0.00,0.00,0.00
Sulfates,0.00,0.00,0.00,0.00,0.00,0.00,0.00,0.00,0.00,0.00,0.00,0.00,0.00,0.00,0.00,0.00,0.00,0.00,0.00,0.00,----,0.00,0.00,0.00,0.00,0.00,0.00,0.00,0.00,0.00
Olivene,0.11,0.01,0.03,0.00,0.07,0.00,0.00,2.82,0.07,0.00,0.00,0.00,0.00,0.00,0.00,0.00,0.00,0.12,0.00,0.00,0.00,----,0.00,0.00,0.00,0.00,0.02,0.20,0.00,0.00
Other REE Minerals,0.15,0.05,0.01,0.04,0.78,0.28,0.54,0.00,0.00,0.00,0.00,0.00,0.17,0.00,0.38,0.00,0.00,0.00,3.15,0.00,0.00,0.00,----,1.40,0.11,0.00,3.37,0.00,0.00,0.00
Carbonates,0.00,0.00,0.01,0.00,0.00,0.00,0.55,0.00,0.00,0.00,0.00,0.00,0.01,0.00,0.10,0.00,0.00,0.00,0.00,0.00,0.00,0.00,0.08,----,0.00,0.00,0.00,0.00,0.00,0.00
Clay Minerals,10.43,7.09,3.68,2.26,7.68,3.43,1.46,0.00,2.70,0.44,9.60,13.16,0.87,0.00,10.89,2.65,0.00,0.39,0.00,0.00,0.00,5.56,4.66,0.00,----,0.00,2.66,6.32,0.00,0.00
Other Minerals,0.00,0.00,0.00,0.00,0.00,0.00,0.00,0.00,0.00,0.00,0.00,0.00,0.04,0.00,0.00,0.00,0.00,0.00,0.00,0.00,0.00,0.00,0.00,0.00,0.00,----,0.00,0.00,0.00,0.00
Biotite-Ti,1.21,0.83,0.11,0.69,14.95,6.02,0.20,0.00,8.90,0.43,0.00,1.30,0.49,0.00,2.55,0.59,0.00,0.16,0.00,0.00,0.00,8.33,0.00,0.00,0.74,0.00,0.70,----,0.00,0.00
Clinochlore,0.00,0.00,0.00,0.00,0.00,0.00,0.00,0.00,0.00,0.00,0.00,0.00,0.08,0.00,0.00,0.00,0.00,0.00,0.00,0.00,0.00,0.00,0.00,0.00,0.00,0.00,0.00,0.00,----,0.00
Ankerite+clay,0.00,0.00,0.00,0.00,0.00,0.00,0.08,0.00,0.00,0.00,0.00,0.00,0.00,0.00,0.00,0.00,0.00,0.00,0.00,0.00,0.00,0.00,0.00,0.00,0.00,0.00,0.00,0.00,0.00,----
[Unclassified],5.26,7.21,2.87,3.09,6.94,4.29,5.38,11.22,9.41,11.62,0.68,1.69,23.76,0.00,4.40,0.40,0.00,36.94,44.25,82.23,0.00,9.72,47.81,0.00,4.57,0.00,----,5.57,0.00,0.00
Free particles,52.40,23.56,23.32,15.22,7.97,53.60,81.23,32.54,56.07,15.99,32.71,14.48,51.23,55.56,28.73,18.73,100.00,17.49,33.95,3.65,100.00,0.00,34.13,69.38,22.72,97.62,28.30,25.95,0.00,50.00
Total,100.00,100.00,100.00,100.00,100.00,100.00,100.00,100.00,100.00,100.00,100.00,100.00,100.00,100.00,100.00,100.00,100.00,100.00,100.00,100.00,100.00,100.00,100.00,100.00,100.00,100.00,100.00,100.00,100.00,100.00
MN16-03 - Liberation analysis #1,,,,,,,,,,,,,,,,,,,,,,,,,,,,,,
Quartz,----,31.89,34.39,19.42,30.73,23.58,29.88,27.18,7.82,10.93,29.70,12.12,21.63,38.64,26.68,23.87,0.00,30.52,12.78,55.14,0.00,28.54,31.95,15.57,25.10,0.00,19.45,20.78,22.45,13.44
Plagioclase,37.34,----,43.79,44.00,25.66,18.90,34.61,6.78,52.42,32.79,18.88,29.28,31.25,0.00,24.43,11.67,0.00,11.12,2.28,30.14,37.50,24.24,25.32,11.11,26.92,0.00,28.32,24.03,25.21,29.57
Orthoclase,27.49,28.66,----,17.53,13.54,10.64,17.21,4.44,4.70,10.37,9.09,13.45,23.26,0.00,18.60,20.71,0.00,12.78,3.55,9.57,50.00,9.94,13.28,2.20,14.23,0.00,15.97,11.65,6.81,7.94
Muscovite,1.57,4.60,1.20,----,1.97,0.26,0.46,0.07,1.92,2.98,0.42,0.68,0.20,0.00,0.71,0.00,0.00,0.00,0.00,0.00,0.00,0.69,0.00,0.00,3.29,0.00,1.36,0.59,0.19,0.41
Biotite,2.08,1.61,1.10,3.02,----,13.20,0.74,0.49,0.48,1.71,0.45,0.96,1.09,0.00,1.38,7.75,0.00,4.64,0.00,0.00,0.00,2.39,5.33,0.00,0.72,0.00,0.95,10.57,1.69,0.66
Chlorite,0.09,0.07,0.04,0.02,1.33,----,0.04,0.09,0.15,0.00,0.53,0.03,0.00,0.00,0.01,0.00,0.00,0.55,0.00,0.00,0.00,0.47,0.00,0.00,0.03,0.00,0.10,2.40,2.15,0.00
Apatite,11.06,10.85,7.41,2.31,3.27,4.08,----,4.42,20.41,22.88,2.41,22.64,1.40,50.25,4.52,3.07,0.00,0.88,33.34,0.00,0.00,2.17,4.14,59.65,3.09,0.00,9.38,4.91,8.79,32.25
Pyroxene/Amphibole,0.76,0.16,0.12,0.05,0.36,0.61,0.77,----,0.09,0.35,0.13,0.20,0.00,0.00,0.07,0.00,0.00,0.74,0.00,0.00,0.00,4.58,0.00,2.14,0.05,0.00,2.77,0.72,0.00,0.00
Garnet,0.12,0.93,0.09,0.22,0.16,0.70,0.79,0.03,----,0.66,0.40,0.67,0.00,0.00,0.08,0.00,0.00,0.00,0.00,0.00,0.00,0.92,0.00,0.00,0.20,0.00,0.21,0.61,0.25,0.40
Epidote,0.06,0.17,0.08,0.13,0.12,0.00,0.36,0.06,0.22,----,0.00,0.85,0.00,0.00,0.03,0.00,0.00,0.00,0.00,0.00,0.00,0.12,0.00,0.00,0.06,0.00,0.12,0.26,0.00,1.37
Tourmaline,0.43,0.23,0.12,0.10,0.13,0.84,0.10,0.27,0.48,0.00,----,0.58,0.47,0.00,0.36,0.00,0.00,0.12,0.00,0.00,0.00,0.22,0.00,0.00,1.21,0.00,0.22,0.30,0.06,0.14
Other Silicates,0.48,0.96,0.61,0.31,0.69,0.54,2.30,0.18,1.46,3.32,1.37,----,1.04,0.00,1.21,0.00,0.00,0.00,0.00,0.00,0.00,0.57,0.00,0.52,0.71,0.00,0.85,0.95,0.00,0.44
Zircon,0.09,0.04,0.05,0.00,0.06,0.00,0.00,0.00,0.00,0.00,0.04,0.02,----,0.00,0.02,0.00,0.00,0.00,0.00,0.00,0.00,0.00,0.00,0.00,0.00,0.00,0.03,0.00,0.00,0.00
Titanite,0.00,0.00,0.00,0.00,0.00,0.00,0.00,0.00,0.00,0.00,0.00,0.00,0.00,----,0.00,0.00,0.00,0.00,0.00,0.00,0.00,0.00,0.00,0.00,0.00,0.00,0.00,0.00,0.00,0.00
Rutile,0.66,0.51,0.47,0.44,0.81,0.03,0.40,0.03,0.05,0.03,0.15,0.33,0.09,0.00,----,16.52,0.00,0.00,14.84,0.00,0.00,0.12,0.00,0.00,0.55,0.00,0.42,0.39,0.21,0.00
Ilmenite,0.04,0.01,0.02,0.00,0.09,0.00,0.02,0.00,0.00,0.00,0.00,0.00,0.00,0.00,1.58,----,0.00,0.00,2.39,0.00,0.00,0.00,0.00,0.00,0.02,0.00,0.05,0.05,0.00,0.00
Chromite,0.00,0.00,0.00,0.00,0.00,0.00,0.00,0.00,0.00,0.00,0.00,0.00,0.00,0.00,0.00,0.00,----,0.00,0.00,0.00,0.00,0.00,0.00,0.00,0.00,0.00,0.00,0.00,0.00,0.00
Fe oxides,0.02,0.02,0.02,0.00,0.16,0.22,0.01,0.02,0.00,0.00,0.01,0.00,0.00,0.00,0.00,0.00,0.00,----,0.00,0.00,0.00,2.31,0.00,0.00,0.00,0.00,0.21,0.47,0.00,0.00
Other oxides,0.00,0.00,0.00,0.00,0.00,0.00,0.02,0.00,0.00,0.00,0.00,0.00,0.00,0.00,0.18,0.23,0.00,0.00,----,0.00,0.00,0.00,0.00,0.00,0.00,0.00,0.02,0.00,0.00,0.00
Sulfides,0.04,0.01,0.00,0.00,0.00,0.00,0.00,0.00,0.00,0.00,0.00,0.00,0.00,0.00,0.00,0.00,0.00,0.00,0.00,----,0.00,0.00,0.00,0.00,0.00,0.00,0.00,0.00,0.00,0.00
Sulfates,0.00,0.00,0.00,0.00,0.00,0.00,0.00,0.00,0.00,0.00,0.00,0.00,0.00,0.00,0.00,0.00,0.00,0.00,0.00,0.00,----,0.00,0.00,0.00,0.00,0.00,0.00,0.00,0.00,0.00
Olivene,0.07,0.06,0.04,0.02,0.12,0.75,0.02,0.29,0.33,0.06,0.06,0.02,0.00,0.00,0.04,0.00,0.00,6.22,0.00,0.00,0.00,----,0.00,0.00,0.04,0.00,0.12,0.71,0.00,0.76
Other REE Minerals,0.01,0.01,0.00,0.00,0.01,0.00,0.00,0.00,0.00,0.00,0.00,0.00,0.00,0.00,0.00,0.00,0.00,0.00,0.00,0.00,0.00,0.00,----,0.00,0.00,0.00,0.01,0.00,0.00,0.00
Carbonates,0.00,0.01,0.00,0.00,0.00,0.00,0.13,0.01,0.00,0.00,0.00,0.01,0.00,0.00,0.00,0.00,0.00,0.00,0.00,0.00,0.00,0.00,0.00,----,0.00,0.00,0.00,0.00,0.00,0.00
Clay Minerals,5.58,5.71,3.19,6.73,9.46,7.24,2.38,0.76,2.38,4.82,12.74,3.93,1.39,0.00,6.40,1.70,0.00,1.20,0.00,0.00,0.00,2.48,0.00,0.00,----,0.00,3.97,5.14,13.65,2.83
Other Minerals,0.00,0.00,0.00,0.00,0.00,0.00,0.00,0.00,0.00,0.00,0.00,0.00,0.00,0.00,0.00,0.00,0.00,0.00,0.00,0.00,0.00,0.00,0.00,0.00,0.00,----,0.00,0.00,0.00,0.00
Biotite-Ti,0.48,0.60,0.34,0.26,4.02,9.24,0.37,0.36,0.95,0.83,1.06,0.68,0.00,0.00,0.35,0.46,0.00,7.75,0.00,0.00,0.00,6.23,0.00,0.00,0.20,0.00,0.58,----,5.86,3.04
Clinochlore,0.02,0.03,0.00,0.01,0.01,1.20,0.01,0.00,0.03,0.00,0.03,0.00,0.00,0.00,0.03,0.00,0.00,0.00,0.00,0.00,0.00,0.00,0.00,0.00,0.01,0.00,0.05,0.24,----,0.00
Ankerite+clay,0.02,0.04,0.02,0.00,0.03,0.00,0.10,0.00,0.06,0.21,0.01,0.01,0.00,0.00,0.00,0.00,0.00,0.00,0.00,0.00,0.00,0.23,0.00,0.00,0.00,0.00,0.02,0.16,0.00,----
[Unclassified],4.20,6.14,4.49,3.66,2.63,3.84,5.78,32.45,2.38,3.75,3.22,4.76,16.62,0.00,4.04,2.96,0.00,14.85,4.19,2.21,12.50,6.74,13.76,4.93,4.09,0.00,----,4.01,6.95,2.61
Free particles,7.29,6.69,2.40,1.76,4.66,4.15,3.49,22.06,3.65,4.30,19.31,8.78,1.55,11.11,9.29,11.07,0.00,8.63,26.62,2.94,0.00,7.02,6.22,3.89,19.46,0.00,14.81,11.04,5.73,4.16
Total,100.00,100.00,100.00,100.00,100.00,100.00,100.00,100.00,100.00,100.00,100.00,100.00,100.00,100.00,100.00,100.00,0.00,100.00,100.00,100.00,100.00,100.00,100.00,100.00,100.00,0.00,100.00,100.00,100.00,100.00
MN16-04 - Liberation analysis #1,,,,,,,,,,,,,,,,,,,,,,,,,,,,,,
Quartz,----,34.79,30.41,25.19,29.69,21.38,29.74,21.65,24.88,19.77,36.79,20.27,25.38,16.42,25.55,20.76,0.00,19.03,8.29,0.00,35.61,10.08,24.41,16.27,19.30,0.00,14.78,21.21,16.69,75.33
Plagioclase,43.34,----,49.29,38.16,23.74,21.66,30.81,4.12,24.07,28.53,12.31,21.22,40.42,17.87,19.15,26.10,0.00,16.80,0.65,90.00,21.82,12.23,32.71,9.24,31.92,0.00,21.21,19.93,21.85,0.00
Orthoclase,26.12,30.94,----,17.20,15.31,6.63,13.07,3.22,8.61,9.65,7.52,8.71,10.55,6.19,10.45,10.35,0.00,4.44,13.24,0.00,8.32,1.51,6.67,3.17,11.64,0.00,12.58,7.53,6.19,0.00
Muscovite,3.86,8.33,2.99,----,2.52,2.63,0.88,0.09,3.07,0.76,2.04,0.85,1.86,0.16,2.34,2.07,0.00,0.00,0.00,0.00,1.46,1.02,2.05,0.24,3.89,0.00,3.86,2.41,2.26,0.00
Biotite,6.29,4.68,3.98,4.74,----,19.03,3.92,1.35,4.42,5.91,1.34,7.72,5.04,7.15,6.99,10.32,0.00,14.53,0.00,0.00,6.30,27.26,0.88,0.37,3.33,0.00,2.36,16.31,6.10,0.00
Chlorite,0.24,0.21,0.10,0.19,2.18,----,0.05,0.03,4.08,0.00,0.11,0.31,0.00,1.23,0.49,0.18,0.00,3.57,0.00,0.00,0.17,5.47,0.00,0.00,0.18,0.00,0.12,2.67,6.68,0.00
Apatite,0.36,0.40,0.24,0.05,0.26,0.07,----,0.04,0.46,5.98,0.10,4.13,0.02,0.00,0.39,0.42,0.00,0.00,0.00,0.00,0.26,0.00,1.90,8.68,0.09,0.00,0.21,0.24,0.14,0.00
Pyroxene/Amphibole,0.38,0.14,0.11,0.06,0.27,0.42,0.54,----,1.08,0.48,0.17,0.74,0.05,1.14,0.26,0.37,0.00,0.00,4.40,0.00,0.34,0.00,0.28,1.33,0.04,0.00,11.80,0.91,0.19,0.00
Garnet,0.09,0.15,0.03,0.16,0.22,3.47,0.25,0.04,----,0.00,0.67,0.04,0.00,0.00,0.02,0.02,0.00,1.75,0.00,0.00,0.14,3.95,0.00,0.00,0.06,0.00,0.06,1.60,3.05,7.40
Epidote,0.01,0.03,0.03,0.01,0.04,0.00,0.49,0.01,0.00,----,0.00,0.18,0.00,0.32,0.14,0.00,0.00,0.00,0.00,0.00,0.00,0.00,3.51,0.00,0.00,0.00,0.00,0.00,0.00,0.00
Tourmaline,0.11,0.02,0.02,0.03,0.01,0.04,0.08,0.01,0.09,0.00,----,2.60,0.00,0.00,0.00,0.01,0.00,0.00,0.00,0.00,0.00,0.00,0.00,0.00,0.47,0.00,0.03,0.11,0.00,0.00
Other Silicates,0.04,0.03,0.03,0.01,0.11,0.15,1.22,0.01,0.03,0.25,3.59,----,0.00,0.00,0.05,0.02,0.00,0.00,0.00,0.00,0.31,0.00,2.64,0.00,0.20,0.00,0.10,0.19,0.02,0.00
Zircon,0.11,0.07,0.02,0.03,0.03,0.00,0.03,0.00,0.00,0.00,0.00,0.00,----,0.08,0.00,0.00,0.00,0.00,0.00,0.00,0.00,0.00,0.00,0.00,0.01,0.00,0.06,0.00,0.00,0.00
Titanite,0.04,0.02,0.01,0.02,0.11,0.29,0.00,0.02,0.00,0.74,0.00,0.00,0.07,----,5.11,1.75,0.00,0.00,4.17,0.00,0.16,0.00,0.09,0.00,0.01,0.00,0.04,0.05,0.02,0.00
Rutile,0.32,0.27,0.22,0.24,0.54,0.74,0.21,0.07,0.08,2.13,0.00,0.10,0.00,26.98,----,12.40,0.00,0.00,0.00,0.00,0.59,0.33,0.58,0.00,0.19,0.00,0.22,0.58,0.62,0.00
Ilmenite,0.28,0.26,0.18,0.31,0.75,0.34,0.74,0.09,0.06,0.00,0.24,0.27,0.00,4.73,10.04,----,0.00,0.00,8.18,0.00,0.07,0.00,1.27,0.00,0.20,0.00,0.14,0.58,0.03,0.00
Chromite,0.00,0.00,0.00,0.00,0.00,0.00,0.00,0.00,0.00,0.00,0.00,0.00,0.00,0.00,0.00,0.00,----,0.00,0.00,0.00,0.00,0.00,0.00,0.00,0.00,0.00,0.00,0.00,0.00,0.00
Fe oxides,0.00,0.01,0.00,0.00,0.07,0.19,0.00,0.00,0.31,0.00,0.00,0.00,0.00,0.00,0.00,0.00,0.00,----,0.00,0.00,0.18,7.93,0.00,0.00,0.00,0.00,0.04,0.42,0.00,0.00
Other oxides,0.00,0.00,0.00,0.00,0.00,0.00,0.00,0.11,0.00,0.00,0.00,0.00,0.00,1.27,0.00,0.12,0.00,0.00,----,0.00,0.00,0.00,0.00,0.00,0.00,0.00,0.11,0.00,0.00,0.00
Sulfides,0.00,0.01,0.00,0.00,0.00,0.00,0.00,0.00,0.00,0.00,0.00,0.00,0.00,0.00,0.00,0.00,0.00,0.00,0.00,----,0.00,0.00,0.00,0.00,0.00,0.00,0.00,0.00,0.00,0.00
Sulfates,0.18,0.11,0.08,0.04,0.13,0.21,0.03,0.05,0.08,0.00,0.00,0.47,0.00,0.20,0.35,0.05,0.00,2.05,0.00,0.00,----,0.00,0.00,0.00,0.05,0.00,0.41,0.86,0.00,0.00
Olivene,0.00,0.00,0.00,0.00,0.07,0.15,0.00,0.00,0.12,0.00,0.00,0.00,0.00,0.00,0.01,0.00,0.00,3.53,0.00,0.00,0.00,----,0.00,0.00,0.00,0.00,0.00,0.32,0.00,0.00
Other REE Minerals,0.01,0.02,0.02,0.03,0.01,0.00,0.07,0.00,0.00,1.43,0.00,1.15,0.00,0.13,0.08,0.30,0.00,0.00,0.00,0.00,0.00,0.00,----,0.00,0.02,0.00,0.03,0.01,0.00,0.00
Carbonates,0.01,0.01,0.01,0.00,0.00,0.00,1.29,0.04,0.00,0.00,0.00,0.00,0.00,0.00,0.00,0.00,0.00,0.00,0.00,0.00,0.00,0.00,0.00,----,0.00,0.00,0.03,0.00,0.00,0.00
Clay Minerals,4.97,6.23,3.16,5.09,13.04,6.59,3.10,0.77,7.44,6.50,13.82,6.04,2.06,4.24,6.55,4.90,0.00,1.22,0.00,0.00,3.00,1.31,2.93,1.49,----,0.00,3.39,10.48,12.50,0.00
Other Minerals,0.00,0.00,0.00,0.00,0.00,0.00,0.00,0.00,0.00,0.00,0.00,0.00,0.00,0.00,0.00,0.00,0.00,0.00,0.00,0.00,0.00,0.00,0.00,0.00,0.00,----,0.00,0.00,0.00,0.00
Biotite-Ti,0.60,0.58,0.32,0.47,3.13,7.72,0.58,0.22,6.25,0.00,1.15,3.08,0.00,0.75,1.42,0.88,0.00,15.84,0.00,0.00,4.74,23.60,0.19,0.00,0.52,0.00,0.52,----,10.74,0.00
Clinochlore,0.08,0.07,0.05,0.12,0.10,2.00,0.40,0.01,2.45,0.00,0.00,0.07,0.00,0.06,0.26,0.03,0.00,0.00,0.00,0.00,0.00,0.00,0.00,0.00,0.06,0.00,0.08,2.02,----,0.00
Ankerite+clay,0.00,0.00,0.00,0.00,0.00,0.00,0.00,0.00,0.05,0.00,0.00,0.00,0.00,0.00,0.00,0.00,0.00,0.00,0.00,0.00,0.00,0.00,0.00,0.00,0.00,0.00,0.01,0.00,0.00,----
[Unclassified],2.55,4.08,4.00,5.29,1.96,1.67,3.46,45.31,3.39,0.00,3.39,8.36,8.19,2.60,2.45,1.90,0.00,3.22,36.85,0.00,9.05,1.67,10.19,6.30,2.59,0.00,----,2.94,2.17,17.27
Free particles,9.99,8.50,4.68,2.55,5.70,4.65,9.02,22.71,8.96,17.87,16.77,13.69,6.38,8.49,7.90,7.04,100.00,14.03,24.21,10.00,7.46,3.64,9.69,52.90,25.23,100.00,27.82,8.63,10.75,0.00
Total,100.00,100.00,100.00,100.00,100.00,100.00,100.00,100.00,100.00,100.00,100.00,100.00,100.00,100.00,100.00,100.00,100.00,100.00,100.00,100.00,100.00,100.00,100.00,100.00,100.00,100.00,100.00,100.00,100.00,100.00
MN16-05 - Liberation analysis #1,,,,,,,,,,,,,,,,,,,,,,,,,,,,,,
Quartz,----,28.88,15.82,5.68,19.78,14.46,15.56,54.23,12.77,14.17,7.81,13.88,17.90,11.30,11.79,16.98,17.09,20.44,10.99,0.00,34.38,19.69,17.05,14.56,11.69,0.00,18.17,18.05,12.65,13.36
Plagioclase,64.60,----,69.52,76.99,43.39,44.29,43.27,4.86,48.38,51.27,51.31,43.97,48.21,34.31,29.61,27.89,43.83,29.26,20.48,0.00,49.58,36.40,34.49,48.88,61.10,0.00,44.29,45.60,48.20,31.96
Orthoclase,14.03,31.56,----,7.34,11.47,4.83,7.22,0.77,4.22,6.67,4.05,7.32,7.99,4.61,4.67,4.43,8.56,8.31,1.62,0.00,6.11,6.91,6.86,11.05,6.73,0.00,10.29,7.99,3.94,4.57
Muscovite,0.89,8.10,1.31,----,0.67,0.67,0.42,0.06,0.60,1.49,1.91,0.29,1.22,0.47,0.24,0.35,0.52,0.28,0.98,0.00,0.00,0.84,0.27,0.00,3.40,0.00,1.01,0.51,0.97,0.31
Biotite,2.93,3.52,2.44,0.98,----,4.32,2.95,0.65,1.27,2.75,1.30,3.70,2.73,1.85,1.72,2.45,10.52,4.44,2.41,0.00,0.00,5.07,4.28,1.38,3.18,0.00,3.29,4.80,2.29,2.98
Chlorite,0.77,1.32,0.34,0.31,1.70,----,1.02,0.45,2.61,1.13,1.92,0.50,2.16,1.10,0.80,0.38,0.59,3.51,0.00,0.00,0.00,2.47,1.69,0.00,1.47,0.00,0.85,2.42,3.18,0.48
Apatite,0.45,0.76,0.24,0.17,0.51,0.65,----,0.10,3.01,0.76,0.36,9.16,0.05,1.06,0.34,0.83,0.00,0.67,0.00,0.00,0.00,0.30,2.03,1.75,0.35,0.00,1.07,0.65,0.28,3.47
Pyroxene/Amphibole,2.30,1.51,0.63,0.31,2.99,4.83,2.94,----,2.64,2.08,0.77,2.65,0.92,3.17,2.35,2.61,2.12,3.49,6.55,0.00,0.00,6.49,3.28,1.34,2.00,0.00,5.51,4.39,4.46,3.39
Garnet,0.20,0.59,0.10,0.12,0.13,1.26,0.49,0.03,----,0.73,1.02,0.22,0.05,0.43,0.34,0.21,0.00,0.29,0.00,0.00,0.00,0.36,0.63,1.12,0.34,0.00,0.22,0.41,1.89,1.00
Epidote,2.09,5.87,1.55,2.65,2.45,2.82,4.22,0.37,5.20,----,11.36,3.68,3.67,4.33,2.84,2.32,3.13,5.62,0.93,0.00,0.00,2.54,6.19,1.84,2.05,0.00,3.37,4.10,3.96,8.88
Tourmaline,0.01,0.07,0.01,0.06,0.01,0.07,0.05,0.00,0.11,0.22,----,0.00,0.13,0.03,0.03,0.03,0.00,0.00,0.00,0.00,0.00,0.01,0.07,0.00,0.09,0.00,0.02,0.05,0.26,0.00
Other Silicates,0.05,0.11,0.04,0.01,0.14,0.05,1.70,0.02,0.25,0.09,0.00,----,0.03,0.17,0.07,0.09,0.00,0.11,0.00,0.00,0.00,0.03,0.12,0.00,0.06,0.00,0.10,0.07,0.08,0.18
Zircon,0.02,0.03,0.01,0.00,0.01,0.02,0.00,0.00,0.00,0.06,0.08,0.01,----,0.01,0.00,0.00,0.00,0.33,0.00,0.00,0.00,0.00,0.24,0.00,0.01,0.00,0.03,0.02,0.00,0.00
Titanite,0.41,0.63,0.24,0.16,0.39,1.14,0.98,0.11,1.62,0.92,0.25,1.09,0.23,----,13.47,16.74,0.00,0.61,7.97,0.00,0.00,0.12,3.40,1.75,0.35,0.00,0.96,0.53,1.88,6.36
Rutile,0.16,0.29,0.10,0.03,0.18,0.33,0.28,0.05,0.74,0.37,0.21,0.26,0.00,6.63,----,11.90,0.00,0.95,6.50,0.00,0.00,0.01,5.13,0.26,0.12,0.00,0.41,0.24,0.43,1.08
Ilmenite,0.35,0.39,0.14,0.09,0.53,0.17,0.47,0.09,1.32,0.33,0.26,0.51,0.00,16.47,19.67,----,0.00,1.74,11.36,0.00,0.00,0.18,6.81,2.71,0.26,0.00,0.81,0.45,0.30,9.20
Chromite,0.00,0.00,0.00,0.00,0.00,0.00,0.00,0.00,0.00,0.00,0.00,0.00,0.00,0.00,0.00,0.00,----,0.00,0.00,0.00,0.00,0.00,0.00,0.00,0.00,0.00,0.00,0.00,0.00,0.00
Fe oxides,0.25,0.18,0.15,0.02,0.36,0.78,0.23,0.38,0.21,0.69,0.00,0.16,1.81,0.13,0.53,0.78,0.00,----,0.00,0.00,0.00,2.50,0.09,0.00,0.29,0.00,0.45,0.45,0.22,0.02
Other oxides,0.01,0.00,0.00,0.00,0.00,0.00,0.00,0.01,0.00,0.00,0.00,0.00,0.00,0.09,0.28,0.12,0.00,0.00,----,0.00,0.00,0.00,0.00,0.00,0.00,0.00,0.06,0.01,0.00,0.25
Sulfides,0.00,0.00,0.00,0.00,0.00,0.00,0.00,0.00,0.00,0.00,0.00,0.00,0.00,0.00,0.00,0.00,0.00,0.00,0.00,----,0.00,0.00,0.00,0.00,0.00,0.00,0.00,0.00,0.00,0.00
Sulfates,0.00,0.00,0.00,0.00,0.00,0.00,0.00,0.00,0.00,0.00,0.00,0.00,0.00,0.00,0.00,0.00,0.00,0.00,0.00,0.00,----,0.00,0.00,0.00,0.00,0.00,0.00,0.00,0.00,0.00
Olivene,0.19,0.15,0.07,0.03,0.24,0.39,0.12,0.07,0.13,0.21,0.04,0.05,0.00,0.05,0.04,0.03,0.00,1.45,0.00,0.00,0.00,----,0.00,0.00,0.14,0.00,0.22,0.38,0.04,0.02
Other REE Minerals,0.02,0.02,0.01,0.00,0.03,0.05,0.13,0.00,0.02,0.02,0.04,0.02,0.14,0.11,0.45,0.19,0.00,0.00,0.00,0.00,0.00,0.00,----,0.00,0.00,0.00,0.02,0.01,0.00,0.00
Carbonates,0.00,0.01,0.01,0.00,0.00,0.00,0.03,0.00,0.02,0.00,0.00,0.00,0.00,0.02,0.00,0.01,0.00,0.00,0.00,0.00,0.00,0.00,0.00,----,0.00,0.00,0.00,0.01,0.00,0.00
Clay Minerals,3.38,5.89,2.31,2.15,5.64,5.73,4.65,2.05,4.29,3.58,5.23,5.45,3.15,4.56,3.37,3.34,4.43,1.60,2.44,0.00,9.93,1.81,2.50,3.66,----,0.00,3.42,4.88,7.36,3.71
Other Minerals,0.00,0.00,0.00,0.00,0.00,0.00,0.00,0.00,0.00,0.00,0.00,0.00,0.00,0.00,0.00,0.00,0.00,0.00,0.00,0.00,0.00,0.00,0.00,0.00,0.00,----,0.00,0.00,0.00,0.00
Biotite-Ti,3.33,4.58,1.89,0.91,5.91,8.47,5.76,2.18,4.55,6.60,5.30,2.67,5.13,2.92,3.13,2.50,3.13,6.96,6.10,0.00,0.00,9.52,1.07,2.27,3.28,0.00,3.90,----,6.08,3.58
Clinochlore,0.42,0.84,0.17,0.21,0.29,1.71,0.13,0.12,1.89,0.65,5.15,0.47,0.00,0.83,0.50,0.19,2.08,0.36,0.00,0.00,0.00,0.15,0.27,0.00,0.68,0.00,0.22,0.72,----,0.05
Ankerite+clay,0.06,0.06,0.02,0.01,0.08,0.07,0.65,0.02,0.81,0.27,0.00,0.19,0.00,0.64,0.22,1.12,0.00,0.01,1.65,0.00,0.00,0.01,0.00,0.00,0.03,0.00,0.12,0.08,0.01,----
[Unclassified],2.81,4.59,2.82,1.72,2.97,2.72,6.68,30.00,3.27,4.90,1.57,3.51,4.47,4.70,3.46,4.47,4.02,9.33,13.91,0.00,0.00,4.48,3.41,4.15,2.27,0.00,----,3.00,1.45,5.08
Free particles,0.26,0.04,0.05,0.04,0.12,0.18,0.06,3.37,0.07,0.05,0.05,0.25,0.00,0.03,0.10,0.01,0.00,0.24,6.10,0.00,0.00,0.11,0.12,3.30,0.10,100.00,1.19,0.19,0.09,0.06
Total,100.00,100.00,100.00,100.00,100.00,100.00,100.00,100.00,100.00,100.00,100.00,100.00,100.00,100.00,100.00,100.00,100.00,100.00,100.00,0.00,100.00,100.00,100.00,100.00,100.00,100.00,100.00,100.00,100.00,100.00
MN16-06 - Liberation analysis #1,,,,,,,,,,,,,,,,,,,,,,,,,,,,,,
Quartz,----,19.41,18.14,17.24,20.48,21.00,16.41,28.79,12.61,14.23,17.07,13.78,31.28,8.09,16.43,17.98,27.27,22.30,8.24,6.88,0.00,25.34,20.50,21.65,19.15,51.14,21.92,20.45,16.98,16.56
Plagioclase,23.88,----,37.53,40.67,15.41,22.97,27.90,14.97,29.34,16.35,21.71,25.97,19.63,9.93,13.86,9.04,0.00,14.91,6.48,24.91,100.00,19.43,11.39,22.33,36.89,7.93,23.93,18.72,26.57,16.29
Orthoclase,13.22,19.53,----,15.47,11.49,9.13,8.00,5.38,6.15,7.93,7.93,9.45,8.74,3.67,8.32,4.71,45.45,7.28,3.30,19.50,0.00,7.16,5.61,9.40,9.12,0.00,9.66,8.35,9.16,4.85
Muscovite,1.98,6.85,2.37,----,1.56,1.02,1.10,0.57,1.07,1.17,1.21,1.21,0.87,0.39,1.42,0.27,0.00,0.71,0.78,0.77,0.00,0.63,0.92,0.79,3.84,0.00,1.15,1.03,2.02,0.44
Biotite,1.47,1.24,1.80,1.49,----,2.08,1.41,1.71,0.72,1.14,1.70,0.69,0.62,0.90,1.28,0.83,0.00,3.24,0.82,0.00,0.00,2.80,3.93,1.53,1.29,0.00,1.10,3.54,3.11,0.77
Chlorite,1.63,1.76,1.12,0.77,2.41,----,2.04,2.74,1.98,0.83,2.94,0.65,0.86,0.83,2.01,3.51,0.00,11.62,0.89,0.00,0.00,6.05,0.55,0.58,1.83,3.61,1.04,3.97,4.96,1.06
Apatite,0.29,0.49,0.23,0.15,0.55,0.45,----,0.36,0.33,0.24,0.26,0.29,1.71,0.79,0.55,0.59,0.00,1.37,0.38,0.00,0.00,0.29,0.81,0.22,0.25,0.00,0.20,0.80,0.51,0.15
Pyroxene/Amphibole,0.90,0.28,0.18,0.09,0.51,0.83,0.58,----,0.41,0.26,0.17,0.20,0.18,0.62,0.56,0.24,0.00,1.06,0.47,0.00,0.00,1.73,0.91,0.42,0.17,0.00,0.44,0.65,0.56,0.49
Garnet,1.67,3.86,1.50,1.21,1.06,2.50,2.09,1.75,----,2.69,2.93,3.48,1.51,1.11,0.98,0.96,0.00,2.25,1.34,0.00,0.00,1.84,0.14,3.91,1.70,0.00,2.91,2.11,2.93,2.40
Epidote,1.80,1.61,1.59,1.23,1.48,0.94,1.72,1.37,2.02,----,3.43,2.96,0.91,1.15,1.37,0.56,0.00,0.50,1.87,5.15,0.00,0.64,4.90,3.53,1.35,0.00,3.12,2.08,0.87,5.67
Tourmaline,1.23,1.25,0.83,0.70,1.21,2.19,1.09,0.53,1.52,1.84,----,2.21,0.65,0.66,1.01,0.37,0.00,0.94,0.67,0.00,0.00,0.68,1.22,0.93,2.38,12.48,1.16,1.47,0.92,0.59
Other Silicates,2.48,3.38,2.53,1.48,1.08,1.08,2.48,1.23,3.28,3.80,5.18,----,2.53,2.40,1.42,0.85,0.00,0.60,1.83,0.00,0.00,0.32,1.24,4.34,2.56,0.00,3.26,1.45,0.62,2.80
Zircon,0.07,0.03,0.03,0.02,0.03,0.02,0.12,0.02,0.03,0.01,0.02,0.02,----,0.00,0.14,0.00,0.00,0.02,0.00,0.00,0.00,0.00,0.00,0.02,0.01,0.00,0.03,0.03,0.01,0.06
Titanite,0.09,0.11,0.07,0.03,0.17,0.17,0.37,0.42,0.15,0.12,0.14,0.20,0.00,----,7.90,1.14,0.00,0.29,3.46,0.00,0.00,0.01,1.42,0.22,0.07,0.00,0.23,0.26,0.18,0.37
Rutile,0.62,0.47,0.45,0.61,0.91,1.11,0.96,0.70,0.38,0.44,0.68,0.38,1.85,29.40,----,24.65,0.00,1.37,32.48,0.00,0.00,0.54,5.54,0.46,0.52,0.00,0.46,0.73,0.82,0.44
Ilmenite,0.06,0.03,0.03,0.02,0.05,0.27,0.19,0.04,0.05,0.02,0.03,0.02,0.00,0.35,4.87,----,0.00,1.28,2.62,0.00,0.00,0.26,0.18,0.05,0.06,0.00,0.03,0.12,0.13,0.00
Chromite,0.00,0.00,0.00,0.00,0.00,0.00,0.00,0.00,0.00,0.00,0.00,0.00,0.00,0.00,0.00,0.00,----,0.00,0.00,0.00,0.00,0.00,0.00,0.00,0.00,0.00,0.00,0.00,0.00,0.00
Fe oxides,0.65,0.44,0.37,0.17,2.20,5.16,1.82,1.34,0.62,0.20,0.64,0.23,0.46,0.58,1.53,6.98,0.00,----,0.67,0.00,0.00,12.55,0.24,0.24,0.84,0.00,0.62,1.67,1.18,0.34
Other oxides,0.06,0.04,0.04,0.03,0.05,0.05,0.15,0.13,0.07,0.11,0.09,0.07,0.00,2.41,7.17,5.02,0.00,0.08,----,0.00,0.00,0.02,2.19,0.16,0.02,0.00,0.10,0.09,0.02,0.10
Sulfides,0.00,0.00,0.00,0.00,0.00,0.00,0.00,0.00,0.00,0.00,0.00,0.00,0.00,0.00,0.00,0.00,0.00,0.00,0.00,----,0.00,0.00,0.00,0.00,0.00,0.00,0.00,0.00,0.00,0.00
Sulfates,0.00,0.00,0.00,0.00,0.00,0.00,0.00,0.00,0.00,0.00,0.00,0.00,0.00,0.00,0.00,0.00,0.00,0.00,0.00,0.00,----,0.00,0.00,0.00,0.00,0.00,0.00,0.00,0.00,0.00
Olivene,0.19,0.14,0.09,0.05,0.25,0.52,0.11,0.54,0.12,0.05,0.09,0.03,0.00,0.00,0.09,0.27,0.00,2.49,0.03,0.00,0.00,----,0.22,0.02,0.15,0.00,0.08,0.26,0.04,0.03
Other REE Minerals,0.02,0.01,0.01,0.00,0.07,0.00,0.02,0.03,0.00,0.06,0.01,0.03,0.00,0.12,0.20,0.05,0.00,0.00,0.28,0.00,0.00,0.03,----,0.01,0.02,0.00,0.01,0.02,0.02,0.01
Carbonates,19.37,13.65,12.38,4.42,12.81,4.82,10.80,11.74,17.83,22.18,9.93,17.59,12.31,18.21,10.76,8.15,0.00,4.05,17.60,14.69,0.00,2.36,5.37,----,5.36,0.00,20.41,13.36,8.84,22.19
Clay Minerals,6.06,7.67,4.20,5.67,7.61,7.38,4.66,4.15,4.72,4.44,7.92,4.44,2.84,2.89,5.95,5.05,0.00,4.44,2.76,4.64,0.00,4.01,6.70,3.54,----,1.26,4.10,7.41,7.41,3.19
Other Minerals,0.00,0.00,0.00,0.00,0.00,0.00,0.00,0.00,0.00,0.00,0.00,0.00,0.00,0.00,0.00,0.00,0.00,0.00,0.00,0.00,0.00,0.00,0.00,0.00,0.00,----,0.00,0.00,0.00,0.00
Biotite-Ti,3.87,3.45,2.61,1.95,10.16,7.37,7.12,5.85,3.26,3.84,4.84,2.11,2.87,2.69,3.29,3.49,0.00,7.48,2.85,4.60,0.00,6.57,8.10,4.20,3.51,14.45,3.56,----,5.40,3.30
Clinochlore,0.16,0.25,0.14,0.10,0.31,0.68,0.41,0.25,0.35,0.10,0.14,0.06,0.07,0.09,0.18,0.48,0.00,0.31,0.05,0.00,0.00,0.09,0.52,0.16,0.21,0.00,0.11,0.36,----,0.13
Ankerite+clay,0.19,0.15,0.08,0.03,0.08,0.12,0.12,0.19,0.17,0.60,0.08,0.17,0.31,0.21,0.09,0.00,0.00,0.09,0.09,0.00,0.00,0.04,0.23,0.33,0.05,0.00,0.29,0.16,0.11,----
[Unclassified],18.03,13.88,11.66,6.40,8.06,8.09,8.30,13.99,12.80,17.34,10.81,13.71,9.80,12.52,8.60,4.82,27.27,11.28,10.00,18.86,0.00,6.63,17.17,20.96,8.61,9.13,----,10.86,6.64,17.80
Free particles,0.01,0.02,0.00,0.01,0.01,0.04,0.02,1.19,0.03,0.02,0.05,0.03,0.00,0.02,0.01,0.00,0.00,0.03,0.03,0.00,0.00,0.00,0.00,0.02,0.05,0.00,0.09,0.04,0.00,0.00
Total,100.00,100.00,100.00,100.00,100.00,100.00,100.00,100.00,100.00,100.00,100.00,100.00,100.00,100.00,100.00,100.00,100.00,100.00,100.00,100.00,100.00,100.00,100.00,100.00,100.00,100.00,100.00,100.00,100.00,100.00
MN16-07 - Liberation analysis #1,,,,,,,,,,,,,,,,,,,,,,,,,,,,,,
Quartz,----,31.01,25.70,18.43,24.80,20.95,28.63,30.93,22.12,22.32,18.94,15.11,35.50,22.78,28.32,19.36,10.26,22.53,17.41,23.39,0.00,31.78,20.49,27.17,18.88,100.00,16.73,21.41,21.88,15.37
Plagioclase,47.10,----,55.07,46.23,21.96,28.09,25.42,5.22,37.13,41.73,29.53,25.31,24.41,22.49,14.44,20.40,23.08,20.27,11.17,67.03,0.00,29.46,27.74,13.67,47.02,0.00,28.32,30.60,30.92,15.15
Orthoclase,27.70,30.85,----,15.98,18.94,7.97,14.03,7.11,5.27,8.90,7.81,11.98,11.35,7.03,11.38,10.91,0.00,7.62,5.02,9.58,0.00,8.36,8.00,12.43,12.40,0.00,19.52,11.45,5.48,4.95
Muscovite,3.20,11.10,2.76,----,4.27,1.94,2.21,0.31,2.07,2.88,1.91,0.52,1.65,1.19,3.73,0.70,0.00,1.44,0.00,0.00,0.00,1.55,1.58,0.19,7.32,0.00,4.44,2.11,2.31,0.00
Biotite,1.48,1.05,1.59,1.99,----,2.61,0.65,0.23,1.23,0.93,1.24,1.94,0.49,0.95,0.55,2.00,15.38,3.40,0.00,0.00,0.00,4.50,0.51,1.66,1.70,0.00,0.68,4.35,1.30,0.87
Chlorite,0.60,0.64,0.26,0.31,1.65,----,0.57,0.10,3.22,0.63,2.11,1.50,7.65,0.80,0.80,1.48,0.00,2.82,0.00,0.00,0.00,2.41,0.00,0.21,0.51,0.00,0.31,3.92,4.32,3.98
Apatite,0.31,0.31,0.17,0.32,0.14,0.39,----,0.07,0.39,0.84,0.00,15.04,0.00,0.60,0.61,1.89,0.00,0.16,0.00,0.00,0.00,0.21,0.92,0.00,0.17,0.00,0.18,0.50,0.17,2.03
Pyroxene/Amphibole,0.94,0.17,0.25,0.04,0.19,1.03,1.02,----,0.43,0.85,0.59,0.34,0.00,2.16,0.30,0.49,0.00,0.85,1.86,0.00,0.00,0.61,0.10,2.41,0.27,0.00,9.95,0.63,0.58,3.00
Garnet,0.34,0.66,0.12,0.28,0.42,2.08,0.67,0.08,----,0.99,3.13,0.64,0.04,0.59,0.29,0.22,0.00,2.12,2.67,0.00,0.00,0.65,0.00,0.00,0.47,0.00,0.25,1.35,2.52,0.47
Epidote,2.93,5.88,1.81,2.78,2.46,4.44,9.09,0.79,7.33,----,12.08,5.29,2.05,13.72,3.14,1.18,0.00,1.94,2.96,0.00,0.00,2.69,18.02,0.00,2.56,0.00,2.82,5.54,5.49,30.09
Tourmaline,0.05,0.14,0.03,0.09,0.04,0.12,0.00,0.01,0.31,0.38,----,0.40,0.00,0.07,0.04,0.00,0.00,0.00,0.00,0.00,0.00,0.00,0.00,0.00,0.11,0.00,0.06,0.25,0.20,0.00
Other Silicates,0.02,0.02,0.01,0.01,0.05,0.32,1.78,0.00,0.09,0.06,0.18,----,0.00,0.06,0.03,0.35,0.00,0.00,0.00,0.00,0.00,0.27,0.00,0.00,0.02,0.00,0.01,0.10,0.01,0.30
Zircon,0.08,0.03,0.02,0.01,0.01,0.12,0.00,0.00,0.00,0.02,0.00,0.00,----,0.00,0.00,0.04,0.00,0.41,0.00,0.00,0.00,0.00,0.00,0.00,0.04,0.00,0.05,0.01,0.00,0.15
Titanite,0.33,0.27,0.15,0.12,0.36,0.91,1.07,0.15,0.59,1.99,0.18,1.62,0.00,----,12.70,8.16,0.00,0.84,14.35,0.00,0.00,0.00,1.94,0.98,0.19,0.00,0.32,0.55,1.74,10.31
Rutile,0.58,0.20,0.19,0.60,0.22,0.80,0.41,0.07,0.36,0.45,0.16,0.45,0.00,7.75,----,14.82,0.00,3.47,0.00,0.00,0.00,0.00,4.24,0.00,0.20,0.00,0.25,0.31,0.61,0.59
Ilmenite,0.20,0.08,0.09,0.09,0.28,0.48,0.37,0.03,0.24,0.04,0.00,0.52,0.27,2.05,9.21,----,0.00,11.63,1.24,0.00,0.00,0.11,0.75,0.00,0.07,0.00,0.07,0.28,0.20,1.16
Chromite,0.00,0.00,0.00,0.00,0.01,0.00,0.00,0.00,0.00,0.00,0.00,0.00,0.00,0.00,0.00,0.00,----,0.00,0.00,0.00,0.00,0.00,0.00,0.00,0.00,0.00,0.00,0.00,0.00,0.00
Fe oxides,0.19,0.11,0.06,0.12,0.48,0.77,0.11,0.09,2.29,0.05,0.00,0.00,0.87,0.23,0.35,5.07,0.00,----,1.33,0.00,0.00,2.26,0.00,0.00,0.21,0.00,0.14,0.35,0.21,0.38
Other oxides,0.01,0.00,0.00,0.00,0.00,0.00,0.00,0.02,0.27,0.00,0.00,0.00,0.00,0.96,0.00,0.04,0.00,0.06,----,0.00,0.00,0.00,0.00,0.00,0.00,0.00,0.09,0.00,0.00,0.00
Sulfides,0.00,0.00,0.00,0.00,0.00,0.00,0.00,0.00,0.00,0.00,0.00,0.00,0.00,0.00,0.00,0.00,0.00,0.00,0.00,----,0.00,0.00,0.00,0.00,0.00,0.00,0.00,0.00,0.00,0.00
Sulfates,0.00,0.00,0.00,0.00,0.00,0.00,0.00,0.00,0.00,0.00,0.00,0.00,0.00,0.00,0.00,0.00,0.00,0.00,0.00,0.00,----,0.00,0.00,0.00,0.00,0.00,0.00,0.00,0.00,0.00
Olivene,0.10,0.06,0.02,0.01,0.18,0.33,0.01,0.02,0.04,0.03,0.00,0.20,0.00,0.00,0.00,0.03,0.00,0.53,0.00,0.00,0.00,----,0.00,0.00,0.07,0.00,0.01,0.13,0.07,0.00
Other REE Minerals,0.02,0.02,0.01,0.01,0.01,0.00,0.03,0.00,0.00,0.07,0.00,0.00,0.00,0.23,0.67,0.17,0.00,0.00,0.00,0.00,0.00,0.00,----,1.50,0.02,0.00,0.03,0.00,0.00,0.00
Carbonates,0.01,0.00,0.01,0.00,0.01,0.00,0.00,0.01,0.00,0.00,0.00,0.00,0.00,0.01,0.00,0.00,0.00,0.00,0.00,0.00,0.00,0.00,1.63,----,0.00,0.00,0.01,0.00,0.00,0.00
Clay Minerals,6.99,8.41,4.14,6.13,10.00,8.25,6.56,1.36,6.24,7.29,8.25,7.19,7.06,7.43,8.68,6.28,42.31,4.88,0.00,0.00,0.00,7.86,4.45,4.31,----,0.00,4.11,10.58,9.34,5.06
Other Minerals,0.00,0.00,0.00,0.00,0.00,0.00,0.00,0.00,0.00,0.00,0.00,0.00,0.00,0.00,0.00,0.00,0.00,0.00,0.00,0.00,0.00,0.00,0.00,0.00,0.00,----,0.00,0.00,0.00,0.00
Biotite-Ti,2.66,3.07,1.46,1.61,10.27,12.66,2.73,0.55,5.47,4.86,10.38,6.02,2.93,3.31,1.35,3.10,0.00,5.52,0.00,0.00,0.00,4.65,0.28,0.00,2.77,0.00,1.46,----,9.64,5.66
Clinochlore,0.17,0.20,0.06,0.13,0.17,1.47,0.11,0.03,0.75,0.31,0.66,0.05,0.00,0.28,0.13,0.41,0.00,0.26,0.00,0.00,0.00,0.32,0.00,0.00,0.27,0.00,0.10,0.74,----,0.08
Ankerite+clay,0.01,0.01,0.01,0.00,0.01,0.20,0.19,0.01,0.02,0.25,0.00,0.18,0.06,0.55,0.03,0.12,0.00,0.12,0.00,0.00,0.00,0.00,0.00,0.00,0.01,0.00,0.00,0.04,0.01,----
[Unclassified],2.97,4.27,5.22,4.14,1.85,1.93,3.26,42.89,2.34,3.47,2.14,1.13,5.67,4.03,2.26,2.01,8.97,5.55,21.90,0.00,0.00,1.33,8.96,9.74,3.12,0.00,----,2.08,1.70,0.39
Free particles,0.99,1.40,0.77,0.56,1.21,2.15,1.09,9.92,1.83,0.64,0.72,4.58,0.00,0.71,0.97,0.77,0.00,3.56,20.09,0.00,100.00,0.98,0.39,25.73,1.62,0.00,10.11,2.71,1.29,0.00
Total,100.00,100.00,100.00,100.00,100.00,100.00,100.00,100.00,100.00,100.00,100.00,100.00,100.00,100.00,100.00,100.00,100.00,100.00,100.00,100.00,100.00,100.00,100.00,100.00,100.00,100.00,100.00,100.00,100.00,100.00
MN16-08 - Liberation analysis #1,,,,,,,,,,,,,,,,,,,,,,,,,,,,,,
Quartz,----,9.96,5.44,4.29,9.23,8.56,5.23,15.21,6.47,6.79,3.82,5.36,5.76,5.42,6.41,7.04,0.00,9.06,3.63,0.00,4.20,13.48,6.51,7.07,9.07,32.09,10.52,8.44,8.18,4.86
Plagioclase,40.14,----,61.56,70.00,41.43,44.98,37.50,27.75,49.90,47.05,44.05,28.27,39.35,25.55,26.92,31.93,0.00,28.58,13.14,0.00,51.42,28.14,32.79,26.23,43.42,13.36,32.59,45.67,41.88,25.83
Orthoclase,5.16,18.91,----,6.12,9.62,4.58,4.15,3.22,3.05,3.38,2.62,2.92,4.90,3.17,3.29,3.92,0.00,3.40,3.34,0.00,2.97,2.86,5.36,3.75,4.12,5.74,5.19,5.28,3.93,3.83
Muscovite,0.85,5.26,1.37,----,1.12,0.56,0.52,0.34,0.54,1.54,1.61,0.15,0.42,0.38,0.52,0.43,0.00,0.30,0.16,0.00,0.59,0.42,0.95,0.10,1.58,0.00,0.82,0.64,0.82,0.23
Biotite,3.12,4.21,4.37,2.11,----,2.23,2.27,2.29,1.35,1.89,1.47,1.49,2.24,2.18,1.90,2.95,0.00,2.43,1.70,0.00,1.04,2.17,2.26,0.85,2.16,1.18,1.74,2.74,1.55,2.85
Chlorite,5.59,8.67,3.49,1.87,4.54,----,5.00,5.87,6.38,3.81,5.14,3.63,8.44,4.06,4.02,6.78,0.00,12.66,2.62,0.00,3.28,7.83,4.08,2.86,6.02,0.00,4.37,5.97,6.50,4.42
Apatite,1.24,1.98,0.93,0.43,1.44,1.32,----,1.75,1.64,1.56,0.59,25.49,0.48,1.15,1.00,1.87,0.00,1.82,2.47,0.00,2.37,1.27,3.53,6.34,1.81,0.00,1.66,1.95,1.37,2.78
Pyroxene/Amphibole,12.65,6.32,2.90,1.33,6.37,7.13,7.67,----,5.93,5.41,2.97,6.04,4.88,8.12,7.65,7.12,0.00,8.14,17.36,0.00,5.37,11.64,5.52,12.64,9.09,10.05,20.26,9.72,9.40,9.37
Garnet,1.25,2.81,0.66,0.45,0.70,1.80,1.68,1.18,----,2.27,2.62,1.11,1.18,1.25,0.89,1.01,0.00,1.45,0.10,0.00,0.51,1.34,0.87,2.38,1.47,0.00,0.98,1.18,2.24,1.37
Epidote,2.14,5.07,1.46,2.84,1.89,1.98,2.92,1.91,4.02,----,10.55,1.63,1.48,3.78,3.11,2.00,0.00,1.89,1.29,0.00,2.75,1.72,3.51,2.03,2.44,17.22,2.13,2.84,3.12,5.53
Tourmaline,0.04,0.14,0.03,0.08,0.04,0.07,0.06,0.03,0.13,0.37,----,0.01,0.00,0.02,0.04,0.03,0.00,0.05,0.00,0.00,0.00,0.07,0.53,0.08,0.11,0.00,0.05,0.08,0.36,0.05
Other Silicates,0.10,0.13,0.05,0.01,0.08,0.08,2.23,0.13,0.09,0.10,0.01,----,0.09,0.11,0.09,0.13,0.00,0.06,0.21,0.00,0.00,0.07,0.00,1.07,0.12,0.00,0.14,0.13,0.09,0.11
Zircon,0.03,0.03,0.02,0.00,0.02,0.02,0.01,0.02,0.01,0.01,0.00,0.02,----,0.04,0.03,0.02,0.00,0.02,0.00,0.00,0.00,0.04,0.00,0.00,0.02,0.00,0.05,0.03,0.01,0.03
Titanite,0.61,0.82,0.43,0.19,0.69,0.66,0.65,0.79,0.76,1.32,0.31,0.78,1.52,----,8.82,8.57,0.00,1.19,5.35,0.00,0.29,0.31,4.44,1.30,0.82,0.00,0.81,0.82,1.12,4.69
Rutile,0.40,0.40,0.23,0.14,0.32,0.28,0.34,0.41,0.26,0.48,0.36,0.32,0.65,4.57,----,3.53,0.00,0.86,1.05,0.00,2.28,0.15,8.00,0.70,0.32,0.00,0.40,0.33,0.33,1.95
Ilmenite,1.88,2.19,1.11,0.44,2.47,2.58,2.07,1.89,1.40,1.44,1.05,2.31,2.11,18.44,15.52,----,0.00,3.76,15.88,0.00,0.53,1.14,7.03,2.22,1.84,0.00,1.54,2.31,1.06,9.63
Chromite,0.00,0.00,0.00,0.00,0.00,0.00,0.00,0.00,0.00,0.00,0.00,0.00,0.00,0.00,0.00,0.00,----,0.00,0.00,0.00,0.00,0.00,0.00,0.00,0.00,0.00,0.00,0.00,0.00,0.00
Fe oxides,1.18,0.91,0.42,0.19,0.98,2.70,1.11,1.29,1.08,0.72,0.49,0.56,0.42,0.96,1.72,1.60,0.00,----,1.15,0.00,1.05,7.40,1.16,0.23,1.63,0.00,1.56,1.40,0.73,1.01
Other oxides,0.02,0.01,0.01,0.00,0.01,0.01,0.06,0.10,0.00,0.01,0.00,0.04,0.00,0.19,0.06,0.22,0.00,0.04,----,0.00,0.00,0.00,0.00,0.23,0.01,0.00,0.21,0.02,0.00,0.04
Sulfides,0.00,0.00,0.00,0.00,0.00,0.00,0.00,0.00,0.00,0.00,0.00,0.00,0.00,0.00,0.00,0.00,0.00,0.00,0.00,----,0.00,0.00,0.00,0.00,0.00,0.00,0.00,0.00,0.00,0.00
Sulfates,0.02,0.06,0.02,0.02,0.02,0.02,0.04,0.03,0.01,0.05,0.00,0.00,0.00,0.02,0.18,0.01,0.00,0.02,0.00,0.00,----,0.03,0.48,0.34,0.01,0.00,0.12,0.01,0.00,0.08
Olivene,0.53,0.30,0.11,0.08,0.25,0.50,0.22,0.44,0.28,0.17,0.33,0.15,0.44,0.10,0.10,0.18,0.00,1.65,0.00,0.00,0.16,----,0.00,0.14,0.29,0.00,0.44,0.33,0.28,0.13
Other REE Minerals,0.01,0.02,0.01,0.01,0.03,0.01,0.06,0.01,0.02,0.01,0.05,0.00,0.00,0.08,0.27,0.07,0.00,0.04,0.00,0.00,0.13,0.00,----,0.05,0.01,0.00,0.01,0.01,0.00,0.01
Carbonates,0.07,0.10,0.05,0.01,0.03,0.04,0.65,0.18,0.12,0.06,0.49,0.63,0.00,0.12,0.18,0.10,0.00,0.02,0.76,0.00,1.09,0.05,0.44,----,0.04,0.00,0.51,0.08,0.06,0.27
Clay Minerals,7.82,9.93,4.78,3.40,6.35,6.06,8.04,7.74,5.66,6.35,6.07,5.42,5.32,6.14,5.36,5.19,0.00,4.57,2.33,0.00,1.40,4.09,4.87,3.57,----,4.51,4.77,6.98,7.54,6.04
Other Minerals,0.01,0.00,0.00,0.00,0.00,0.00,0.00,0.00,0.00,0.01,0.00,0.00,0.00,0.00,0.00,0.00,0.00,0.00,0.00,0.00,0.00,0.00,0.00,0.00,0.00,----,0.00,0.00,0.00,0.00
Biotite-Ti,10.69,17.29,7.90,4.15,9.83,10.33,13.38,13.35,8.00,11.26,10.66,9.67,11.63,9.44,7.81,11.78,0.00,12.63,5.65,0.00,5.20,10.15,5.12,10.21,10.12,10.87,7.84,----,7.51,11.95
Clinochlore,0.38,0.55,0.18,0.22,0.18,0.49,0.33,0.55,0.56,0.65,2.37,0.29,0.06,0.44,0.36,0.22,0.00,0.27,0.00,0.00,0.00,0.25,0.00,0.17,0.43,0.00,0.20,0.29,----,0.21
Ankerite+clay,0.13,0.17,0.10,0.03,0.25,0.16,0.33,0.24,0.16,0.42,0.18,0.20,0.24,0.95,0.70,0.86,0.00,0.31,0.30,0.00,0.48,0.07,0.29,0.56,0.20,0.00,0.21,0.23,0.13,----
[Unclassified],3.89,3.72,2.31,1.57,2.05,2.75,3.41,12.37,2.12,2.84,2.08,3.44,8.39,3.03,2.70,2.45,0.00,4.78,19.07,0.00,12.88,5.29,2.26,14.90,2.77,4.99,----,2.46,1.80,2.69
Free particles,0.06,0.02,0.02,0.01,0.07,0.10,0.08,0.93,0.07,0.03,0.11,0.10,0.00,0.31,0.34,0.01,0.00,0.01,2.44,0.00,0.00,0.03,0.00,0.00,0.10,0.00,0.87,0.07,0.02,0.06
Total,100.00,100.00,100.00,100.00,100.00,100.00,100.00,100.00,100.00,100.00,100.00,100.00,100.00,100.00,100.00,100.00,0.00,100.00,100.00,0.00,100.00,100.00,100.00,100.00,100.00,100.00,100.00,100.00,100.00,100.00
MN17-11 - Liberation analysis #1,,,,,,,,,,,,,,,,,,,,,,,,,,,,,,
Quartz,----,30.57,26.91,24.49,29.91,20.14,15.99,29.90,24.60,19.80,27.07,25.14,30.97,15.36,26.16,25.49,8.33,29.38,6.67,29.85,34.77,34.78,36.04,28.54,23.07,100.00,23.84,28.93,13.04,7.14
Plagioclase,37.68,----,50.32,40.27,22.57,36.92,17.59,7.42,26.85,26.71,14.54,15.21,17.32,25.50,17.34,16.56,0.00,17.18,2.33,22.99,18.87,20.37,18.29,50.12,35.19,0.00,25.67,25.13,30.72,55.71
Orthoclase,22.85,29.07,----,15.49,15.70,6.04,13.94,7.95,6.53,2.89,8.28,8.37,15.59,8.53,15.57,12.30,41.67,10.67,2.23,34.19,13.77,8.13,2.38,4.32,12.80,0.00,11.77,11.63,11.99,0.00
Muscovite,4.09,10.84,3.06,----,2.80,1.52,1.82,0.18,0.97,1.64,0.90,1.26,4.76,2.73,4.01,2.45,0.00,0.72,0.42,0.15,1.34,0.45,1.09,0.00,3.86,0.00,2.47,1.44,3.67,0.00
Biotite,5.42,3.62,4.16,3.88,----,7.48,3.60,1.21,2.20,4.22,1.81,1.95,1.85,5.82,3.38,6.71,0.00,4.64,0.86,0.00,7.28,3.01,2.49,0.00,2.16,0.00,2.32,5.68,4.31,0.00
Chlorite,0.33,0.41,0.14,0.22,1.03,----,0.00,0.29,1.50,0.07,0.31,0.16,0.00,0.65,0.09,0.26,0.00,1.09,0.00,0.00,0.12,0.59,0.45,0.00,0.19,0.00,0.21,1.12,2.00,0.00
Apatite,0.06,0.03,0.02,0.01,0.08,0.00,----,0.00,0.00,0.00,0.00,0.11,0.07,0.00,0.02,0.03,0.00,0.00,0.00,0.00,0.00,0.00,0.09,8.91,0.02,0.00,0.03,0.01,0.00,0.00
Pyroxene/Amphibole,2.13,0.27,0.42,0.05,0.53,0.51,0.00,----,1.14,0.39,0.64,0.37,0.00,0.92,0.52,0.23,0.00,1.24,14.12,0.00,0.28,2.31,0.90,0.00,0.10,0.00,7.22,1.04,0.07,0.00
Garnet,1.15,1.14,0.38,0.31,0.42,3.39,0.00,0.46,----,2.67,7.07,3.59,0.41,0.70,0.17,0.63,0.00,3.70,0.62,0.58,0.14,4.05,0.00,0.35,0.31,0.00,2.13,3.01,2.70,16.43
Epidote,0.03,0.12,0.02,0.04,0.08,0.01,0.00,0.02,0.09,----,0.06,0.01,0.00,1.09,0.09,0.05,0.00,0.09,0.00,0.00,0.03,0.06,3.37,0.00,0.05,0.00,0.07,0.09,0.11,10.71
Tourmaline,0.75,0.30,0.31,0.12,0.19,0.55,0.00,0.15,4.08,1.01,----,8.35,0.00,0.30,0.26,0.54,0.00,0.79,0.00,0.00,0.21,1.15,0.00,0.00,0.85,0.00,1.17,1.49,0.32,0.00
Other Silicates,0.59,0.24,0.21,0.12,0.27,0.23,3.13,0.10,1.80,0.07,6.64,----,0.00,0.19,0.25,0.78,0.00,0.43,1.03,0.00,0.24,0.55,0.00,0.00,1.22,0.00,0.84,0.78,0.05,0.00
Zircon,0.13,0.03,0.07,0.06,0.01,0.00,0.42,0.00,0.02,0.00,0.00,0.00,----,0.00,0.01,0.13,0.00,0.02,0.00,0.00,0.19,0.01,0.00,0.00,0.02,0.00,0.09,0.03,0.00,0.00
Titanite,0.05,0.06,0.04,0.12,0.29,0.39,0.00,0.07,0.06,1.07,0.05,0.06,0.00,----,1.88,1.52,0.00,0.03,1.79,0.00,0.02,0.00,0.17,0.00,0.06,0.00,0.09,0.08,0.99,0.00
Rutile,0.30,0.18,0.17,0.32,0.39,0.17,0.04,0.13,0.04,0.30,0.05,0.16,0.10,5.09,----,12.13,0.00,0.23,3.50,0.00,0.00,0.05,0.00,0.00,0.22,0.00,0.17,0.06,0.82,0.00
Ilmenite,0.50,0.27,0.36,0.33,1.01,0.22,0.05,0.12,0.22,0.41,0.21,0.47,1.40,5.47,14.70,----,0.00,0.91,13.41,0.00,0.13,0.27,0.83,0.00,0.30,0.00,0.30,0.32,0.08,0.00
Chromite,0.00,0.00,0.00,0.00,0.00,0.00,0.00,0.00,0.00,0.00,0.00,0.00,0.00,0.00,0.00,0.00,----,0.00,0.00,0.00,0.00,0.00,0.00,0.00,0.01,0.00,0.00,0.00,0.00,0.00
Fe oxides,0.71,0.38,0.39,0.10,0.61,1.33,0.00,0.39,2.16,1.74,0.74,0.36,0.59,0.22,0.68,1.28,0.00,----,0.00,0.00,0.08,3.11,1.80,0.00,0.11,0.00,1.05,2.38,0.12,0.00
Other oxides,0.00,0.00,0.00,0.00,0.00,0.00,0.00,0.18,0.01,0.00,0.00,0.01,0.00,0.23,0.07,0.65,0.00,0.00,----,0.00,0.01,0.00,0.00,0.00,0.00,0.00,0.09,0.01,0.00,0.00
Sulfides,0.05,0.04,0.06,0.00,0.00,0.00,0.00,0.00,0.02,0.00,0.00,0.00,0.00,0.00,0.00,0.00,0.00,0.00,0.00,----,0.00,0.00,0.00,0.00,0.00,0.00,0.01,0.00,0.00,0.00
Sulfates,0.35,0.14,0.21,0.07,0.32,0.07,0.00,0.02,0.07,0.12,0.15,0.08,2.76,0.06,0.00,0.05,0.00,0.02,0.14,0.00,----,0.00,1.06,0.00,0.17,0.00,0.19,0.45,0.04,0.00
Olivene,1.48,0.60,0.37,0.07,0.42,0.74,0.00,0.63,3.01,0.87,1.86,0.89,0.23,0.00,0.14,0.38,0.00,3.54,0.00,0.00,0.01,----,0.00,0.00,0.09,0.00,1.21,2.29,0.00,0.00
Other REE Minerals,0.03,0.01,0.01,0.01,0.02,0.01,0.25,0.00,0.00,0.68,0.00,0.00,0.00,0.06,0.00,0.08,0.00,0.04,0.00,0.00,0.05,0.00,----,0.00,0.00,0.00,0.04,0.01,0.02,0.00
Carbonates,0.02,0.01,0.00,0.00,0.00,0.00,0.42,0.00,0.00,0.00,0.00,0.00,0.00,0.00,0.00,0.00,0.00,0.00,0.00,0.00,0.00,0.00,0.00,----,0.00,0.00,0.00,0.00,0.00,0.00
Clay Minerals,8.70,9.28,4.61,7.09,12.96,5.79,5.47,2.05,2.67,10.04,6.17,12.59,3.87,8.66,8.02,8.17,50.00,1.63,1.76,0.00,5.49,1.19,4.63,0.00,----,0.00,5.57,4.29,12.68,0.00
Other Minerals,0.00,0.00,0.00,0.00,0.00,0.00,0.00,0.00,0.00,0.00,0.00,0.00,0.00,0.00,0.00,0.00,0.00,0.00,0.00,0.00,0.00,0.00,0.00,0.00,0.00,----,0.00,0.00,0.00,0.00
Biotite-Ti,4.51,3.27,2.54,1.50,4.89,9.04,0.41,2.01,9.08,6.94,8.78,5.44,2.15,3.65,0.99,2.53,0.00,12.67,2.95,0.00,6.56,10.06,4.74,0.00,1.17,0.00,4.41,----,9.12,0.00
Clinochlore,0.06,0.15,0.04,0.08,0.05,0.69,0.00,0.00,0.23,0.23,0.04,0.04,0.00,0.73,0.12,0.02,0.00,0.03,0.00,0.00,0.02,0.00,0.08,0.00,0.06,0.00,0.03,0.25,----,0.00
Ankerite+clay,0.00,0.00,0.00,0.00,0.00,0.00,0.00,0.00,0.08,0.07,0.00,0.00,0.00,0.00,0.00,0.00,0.00,0.00,0.00,0.00,0.00,0.00,0.00,0.00,0.00,0.00,0.00,0.00,0.00,----
[Unclassified],6.74,6.20,4.43,4.23,3.24,3.32,6.19,38.92,11.00,6.59,11.40,9.55,17.02,5.52,3.72,4.55,0.00,9.23,28.49,5.82,5.17,8.86,19.12,0.00,5.10,0.00,----,7.24,3.30,10.00
Free particles,1.27,2.76,0.73,1.01,2.20,1.43,30.67,7.79,1.59,11.47,3.23,5.81,0.91,8.54,1.82,2.46,0.00,1.71,19.70,6.42,5.21,1.01,2.48,7.77,12.89,0.00,9.02,2.24,3.85,0.00
Total,100.00,100.00,100.00,100.00,100.00,100.00,100.00,100.00,100.00,100.00,100.00,100.00,100.00,100.00,100.00,100.00,100.00,100.00,100.00,100.00,100.00,100.00,100.00,100.00,100.00,100.00,100.00,100.00,100.00,100.00
MN-16-04 - Liberation analysis #1,,,,,,,,,,,,,,,,,,,,,,,,,,,,,,
Quartz,----,12.08,11.57,18.77,12.79,4.40,1.71,11.39,7.77,31.04,4.15,2.34,4.26,1.83,13.03,5.20,0.47,6.40,1.49,0.00,5.91,0.00,12.99,22.64,11.75,56.27,3.61,11.49,1.67,0.00
Plagioclase,7.76,----,30.05,14.25,3.48,1.17,1.10,5.04,0.85,0.18,4.91,0.00,0.76,2.32,2.70,0.63,0.00,0.00,0.00,0.00,23.64,0.00,0.05,0.00,7.84,0.00,1.97,0.69,0.00,0.00
Orthoclase,5.31,11.42,----,10.92,4.18,0.11,0.03,0.81,0.12,0.07,0.00,0.00,1.09,0.11,2.56,0.24,0.00,0.95,0.00,0.00,0.00,0.00,0.00,0.00,2.33,0.00,0.88,2.53,0.00,0.00
Muscovite,1.89,12.43,2.60,----,12.61,3.59,0.12,0.00,1.24,0.23,0.00,0.00,0.01,0.10,3.04,0.49,0.93,0.07,0.00,0.00,0.12,0.00,0.09,0.00,2.07,0.00,1.38,11.73,0.00,0.00
Biotite,3.08,1.46,1.96,11.38,----,6.27,0.70,7.59,3.21,0.07,1.75,0.00,1.69,5.02,3.57,4.59,0.00,0.65,0.00,0.00,21.22,0.00,1.35,0.00,6.46,0.00,1.10,21.08,2.50,0.00
Chlorite,0.25,0.22,0.10,3.92,4.97,----,0.09,1.23,9.88,0.00,0.21,2.67,0.07,0.02,0.24,0.62,0.00,5.57,0.10,0.00,0.00,34.52,0.01,3.69,5.59,0.00,3.30,6.87,7.50,0.00
Apatite,1.32,1.06,0.10,3.04,0.48,0.31,----,7.27,0.97,6.15,0.00,29.46,3.72,1.16,0.53,2.22,0.00,0.00,0.63,0.00,0.00,0.00,7.41,11.99,4.40,0.00,3.03,0.04,0.00,0.00
Pyroxene/Amphibole,0.10,0.04,0.03,0.00,0.27,0.01,0.65,----,0.14,0.14,0.00,0.00,0.00,0.76,0.21,0.15,0.00,0.00,0.00,0.00,0.37,0.00,0.00,0.00,0.31,0.00,0.06,0.18,0.00,6.25
Garnet,0.99,0.61,0.15,4.40,3.38,22.53,0.92,1.04,----,0.41,3.27,1.38,1.29,2.92,0.03,0.87,1.40,5.60,0.42,0.88,0.00,48.16,1.46,1.67,5.43,0.00,12.12,18.27,16.33,0.00
Epidote,0.05,0.15,0.01,0.25,0.03,0.00,0.59,0.49,0.21,----,0.00,0.00,0.00,0.08,0.01,0.05,0.00,0.00,0.00,0.00,0.00,0.00,1.09,0.00,0.20,0.00,0.30,0.00,0.00,0.00
Tourmaline,0.03,0.09,0.00,0.00,0.04,0.03,0.00,0.00,0.17,0.00,----,0.56,0.00,0.00,0.08,0.02,0.00,0.00,0.00,0.00,0.00,0.00,0.00,0.00,4.93,0.00,0.34,0.26,0.00,0.00
Other Silicates,0.29,0.00,0.00,0.00,0.00,0.25,1.82,0.00,0.00,0.00,0.12,----,0.00,0.00,0.00,0.03,0.00,0.00,0.00,0.00,0.00,0.00,0.00,0.00,0.01,0.00,0.24,0.04,0.00,0.00
Zircon,1.52,0.51,0.23,0.05,0.67,0.15,2.25,0.00,0.99,0.00,0.00,0.00,----,1.99,0.09,1.23,0.00,0.73,0.00,0.00,1.64,0.00,1.70,0.00,3.80,0.00,22.25,0.21,0.00,0.00
Titanite,0.09,0.28,0.25,0.14,3.95,0.02,0.20,10.44,0.50,0.40,0.00,0.00,0.20,----,5.17,2.14,0.00,0.58,1.46,0.00,0.00,0.00,0.71,1.22,5.56,0.00,1.31,0.05,0.00,0.00
Rutile,1.56,0.50,1.12,3.97,3.34,0.02,0.66,9.40,0.06,0.05,0.33,0.00,0.60,31.12,----,19.77,0.93,0.93,1.37,0.00,5.58,0.00,0.69,1.87,10.70,0.00,1.90,0.23,3.64,0.00
Ilmenite,4.59,2.27,1.34,5.12,22.21,5.26,6.84,31.56,4.49,1.11,33.41,13.77,6.42,7.76,43.04,----,0.93,38.83,68.27,5.28,0.63,0.00,3.70,6.22,18.18,0.00,13.07,1.79,49.70,87.50
Chromite,0.00,0.00,0.00,0.07,0.00,0.00,0.00,0.00,0.03,0.00,0.00,0.00,0.00,0.00,0.41,0.05,----,0.00,0.00,0.00,0.00,0.00,0.00,0.00,0.00,0.00,0.19,0.00,3.75,0.00
Fe oxides,1.81,0.00,0.05,0.01,0.07,0.83,0.00,0.00,0.49,0.00,0.00,0.00,0.04,0.66,0.05,0.95,0.00,----,2.64,24.63,0.00,2.04,0.00,0.00,0.27,0.00,0.59,1.88,0.00,0.00
Other oxides,0.01,0.00,0.00,0.00,0.00,0.02,0.08,0.00,0.22,0.00,0.00,0.00,0.00,1.30,0.08,5.56,0.00,5.90,----,0.00,0.00,0.00,4.35,0.00,0.44,0.00,0.36,0.00,0.00,0.00
Sulfides,0.00,0.00,0.00,0.00,0.00,0.00,0.00,0.00,0.00,0.00,0.00,0.00,0.00,0.00,0.00,0.05,0.00,6.76,0.00,----,0.00,0.00,0.00,0.00,0.00,0.00,0.00,0.03,0.00,0.00
Sulfates,0.13,0.15,0.00,0.01,0.15,0.00,0.00,0.17,0.00,0.00,0.00,0.00,0.13,0.00,0.19,0.02,0.00,0.00,0.00,0.00,----,0.00,0.00,0.00,0.00,0.00,0.79,0.07,0.00,0.00
Olivene,0.00,0.00,0.00,0.00,0.00,2.23,0.00,0.00,0.85,0.00,0.00,0.00,0.00,0.00,0.00,0.00,0.00,2.08,0.00,0.00,0.00,----,0.00,0.00,0.00,0.00,0.10,0.34,0.00,0.00
Other REE Minerals,0.75,0.03,0.00,0.01,0.12,0.00,1.07,0.00,0.11,1.59,0.00,0.00,0.54,0.89,0.48,0.18,0.00,0.00,3.55,0.00,0.00,0.00,----,1.34,0.04,0.00,3.63,0.00,0.00,0.00
Carbonates,0.00,0.00,0.00,0.00,0.00,0.41,0.49,0.00,0.06,0.00,0.00,0.00,0.00,0.01,0.16,0.12,0.00,0.00,0.00,0.00,0.00,0.00,0.77,----,0.01,0.00,0.20,0.00,0.00,0.00
Clay Minerals,1.55,2.29,0.28,2.57,5.51,3.40,0.52,3.36,1.62,0.84,23.27,0.29,0.65,1.66,2.99,1.83,0.00,0.28,0.34,0.00,0.00,0.00,0.22,1.16,----,0.00,1.04,4.95,0.00,0.00
Other Minerals,0.11,0.00,0.00,0.00,0.00,0.00,0.00,0.00,0.00,0.00,0.00,0.00,0.00,0.00,0.00,0.00,0.00,0.00,0.00,0.00,0.00,0.00,0.00,0.00,0.00,----,0.00,0.00,0.00,0.00
Biotite-Ti,0.95,0.08,0.47,6.50,8.58,8.58,0.29,2.27,8.97,0.00,2.85,1.30,0.04,0.46,0.15,0.84,0.00,2.64,0.08,2.64,9.14,7.72,0.00,0.00,5.61,0.00,2.61,----,0.00,0.00
Clinochlore,0.01,0.00,0.00,0.00,0.03,0.00,0.00,0.00,0.10,0.00,0.00,0.00,0.00,0.00,0.01,0.07,0.47,0.00,0.00,0.00,0.00,0.00,0.00,0.00,0.00,0.00,0.07,0.00,----,6.25
Ankerite+clay,0.00,0.00,0.00,0.00,0.00,0.00,0.00,0.33,0.00,0.00,0.00,0.00,0.00,0.00,0.00,0.02,0.00,0.00,0.00,0.00,0.00,0.00,0.00,0.00,0.00,0.00,0.00,0.00,2.50,----
[Unclassified],2.05,7.71,2.19,1.15,1.82,7.78,4.30,0.82,10.44,40.28,12.38,4.82,32.70,9.66,2.78,2.84,6.98,4.16,2.58,0.00,30.55,1.87,33.05,7.15,1.39,0.00,----,3.94,12.42,0.00
Free particles,63.79,46.64,47.50,13.45,11.34,32.63,75.58,6.79,46.51,17.47,13.36,43.40,45.80,30.17,18.43,49.24,87.91,17.86,17.06,66.58,1.21,5.69,30.38,41.04,2.68,43.73,23.54,13.33,0.00,0.00
Total,100.00,100.00,100.00,100.00,100.00,100.00,100.00,100.00,100.00,100.00,100.00,100.00,100.00,100.00,100.00,100.00,100.00,100.00,100.00,100.00,100.00,100.00,100.00,100.00,100.00,100.00,100.00,100.00,100.00,100.00
MN-16-05 - Liberation analysis #1,,,,,,,,,,,,,,,,,,,,,,,,,,,,,,
Quartz,----,12.32,9.78,9.03,14.51,9.76,4.09,12.35,15.98,17.37,13.74,5.98,5.29,4.70,5.74,5.25,0.00,11.04,5.19,0.00,0.00,17.91,1.11,1.64,6.13,0.00,9.44,9.88,6.14,7.06
Plagioclase,23.79,----,47.30,42.75,14.88,16.55,8.91,2.89,6.42,20.24,13.16,16.75,0.37,13.41,8.06,11.43,0.00,6.64,2.05,12.33,0.00,14.70,4.13,11.65,41.04,0.00,14.19,10.69,19.59,13.32
Orthoclase,4.05,10.51,----,3.92,2.61,0.26,1.11,0.28,1.43,1.27,0.00,2.67,1.88,2.82,1.34,1.25,0.00,1.20,0.61,0.00,0.00,2.72,0.43,1.85,0.59,0.00,2.02,1.98,0.39,2.23
Muscovite,1.00,4.07,1.44,----,1.60,0.31,0.05,0.04,0.13,1.12,1.27,0.00,0.00,0.46,1.90,0.23,0.00,0.00,0.00,0.00,0.00,0.18,0.39,0.00,1.45,0.00,0.32,0.72,1.22,0.10
Biotite,1.69,0.99,1.01,1.20,----,0.45,0.68,2.47,1.42,1.24,0.67,0.45,0.02,0.53,0.94,1.84,0.00,1.12,0.46,0.00,0.00,1.21,0.03,0.00,1.09,0.00,0.57,1.88,0.99,1.74
Chlorite,0.98,1.22,0.24,0.39,1.72,----,0.62,0.66,1.30,0.84,5.34,2.89,0.42,0.39,4.53,0.89,0.00,0.91,0.00,8.32,0.00,3.57,0.00,0.00,2.43,0.00,0.69,4.40,3.98,0.52
Apatite,0.30,0.85,0.34,0.26,0.91,0.40,----,1.03,0.07,1.59,0.00,18.28,11.53,3.79,0.67,1.09,0.00,1.91,0.18,0.00,0.00,0.00,0.17,31.42,0.36,0.00,1.22,1.91,0.64,1.12
Pyroxene/Amphibole,2.64,0.88,0.46,0.16,5.28,1.81,0.93,----,0.97,0.79,0.00,1.17,3.16,1.79,1.36,0.98,22.22,0.90,1.15,0.00,0.00,4.65,0.00,0.00,2.31,0.00,1.87,10.38,4.43,1.38
Garnet,1.13,1.42,0.20,0.24,0.69,11.45,0.74,0.72,----,1.39,6.69,0.06,0.05,0.36,1.17,0.28,0.00,0.64,0.25,0.00,0.00,2.57,0.07,1.29,1.10,0.00,2.18,2.99,4.02,0.64
Epidote,28.61,20.81,6.85,23.82,14.41,10.14,8.76,2.66,6.87,----,38.38,6.04,6.42,6.17,4.20,2.94,22.22,3.25,1.78,74.85,0.00,7.00,0.89,20.37,20.17,0.00,12.90,12.25,20.10,11.06
Tourmaline,0.15,0.34,0.00,0.10,0.07,0.45,0.00,0.00,0.04,0.59,----,0.00,0.00,0.02,0.07,0.01,0.00,0.00,0.00,0.00,0.00,0.00,0.00,0.00,0.13,0.00,0.03,0.09,0.98,0.00
Other Silicates,0.09,0.05,0.04,0.00,0.02,0.06,0.86,0.01,0.02,0.03,0.00,----,1.18,0.05,0.02,0.09,0.00,0.01,0.00,0.00,0.00,0.00,0.00,0.00,0.16,0.00,0.04,0.09,0.00,0.12
Zircon,0.08,0.07,0.05,0.00,0.06,0.12,0.61,0.01,0.20,0.36,0.00,1.04,----,1.12,0.10,0.09,0.00,2.07,0.00,0.00,0.00,0.00,0.00,0.00,0.00,0.00,0.76,0.05,0.00,0.13
Titanite,6.67,9.53,10.16,4.03,5.69,7.40,1.87,2.45,1.04,3.20,1.46,12.54,3.04,----,31.88,38.03,0.00,2.73,3.69,0.00,0.00,1.36,1.79,5.19,4.95,0.00,9.26,4.60,8.56,15.69
Rutile,2.76,3.25,3.29,5.32,2.63,6.83,0.81,0.71,0.76,1.38,6.56,2.50,0.04,12.02,----,13.25,0.00,2.02,2.54,0.00,0.00,1.34,1.83,2.49,2.83,0.00,2.72,1.99,4.02,5.33
Ilmenite,5.37,8.44,5.55,2.55,14.39,7.06,2.73,2.50,1.27,1.61,0.87,15.26,1.91,27.55,18.89,----,0.00,2.76,8.94,0.00,0.00,1.45,6.84,8.50,4.58,0.00,7.79,3.44,6.42,32.44
Chromite,0.00,0.00,0.00,0.00,0.00,0.00,0.00,0.03,0.00,0.01,0.00,0.00,0.00,0.00,0.00,0.00,----,0.00,0.00,0.00,0.00,0.00,0.00,0.00,0.00,0.00,0.00,0.00,0.00,0.00
Fe oxides,2.81,0.97,1.12,0.03,2.45,0.76,1.47,0.78,1.23,0.87,0.00,0.47,2.18,0.86,1.89,2.15,0.00,----,26.81,0.00,0.00,20.53,0.20,0.00,1.92,100.00,18.44,4.85,0.24,0.65
Other oxides,0.17,0.06,0.07,0.00,0.12,0.00,0.27,0.03,0.24,0.14,0.00,0.00,0.00,0.67,1.41,1.64,0.00,3.60,----,0.00,0.00,0.42,0.06,0.00,0.03,0.00,2.36,0.48,0.00,0.26
Sulfides,0.00,0.00,0.00,0.00,0.00,0.01,0.00,0.00,0.00,0.02,0.00,0.00,0.00,0.00,0.00,0.00,0.00,0.00,0.00,----,0.00,0.00,0.00,0.00,0.00,0.00,0.00,0.00,0.00,0.00
Sulfates,0.00,0.00,0.00,0.00,0.00,0.00,0.00,0.00,0.00,0.00,0.00,0.00,0.00,0.00,0.00,0.00,0.00,0.00,0.00,0.00,----,0.00,0.00,0.00,0.00,0.00,0.00,0.00,0.00,0.00
Olivene,0.25,0.27,0.03,0.01,0.09,0.17,0.00,0.09,0.36,0.02,0.00,0.00,0.00,0.01,0.02,0.01,0.00,1.39,0.03,0.00,0.00,----,0.00,0.00,0.10,0.00,0.61,0.17,0.00,0.01
Other REE Minerals,0.05,0.02,0.04,0.16,0.03,0.00,1.05,0.00,0.00,0.05,0.00,0.00,0.00,0.04,0.08,0.16,0.00,0.00,0.05,0.00,0.00,0.00,----,0.00,0.01,0.00,0.04,0.00,0.00,0.01
Carbonates,0.01,0.03,0.01,0.00,0.00,0.00,2.26,0.00,0.31,0.12,0.00,0.00,0.00,0.11,0.01,0.03,0.00,0.00,0.00,0.00,0.00,0.00,0.00,----,0.00,0.00,0.00,0.00,0.05,0.00
Clay Minerals,2.65,4.02,1.02,1.16,5.40,3.93,2.26,10.28,1.09,1.48,2.56,6.23,0.00,1.64,2.82,1.96,0.00,2.33,0.76,0.00,0.00,0.54,15.79,0.00,----,0.00,1.34,9.51,8.21,1.54
Other Minerals,0.00,0.00,0.00,0.00,0.00,0.00,0.00,0.00,0.00,0.00,0.00,0.00,0.00,0.00,0.00,0.00,0.00,0.18,0.00,0.00,0.00,0.00,0.00,0.00,0.00,----,0.00,0.00,0.00,0.00
Biotite-Ti,1.69,1.44,0.63,0.46,2.54,3.03,2.41,17.40,10.93,1.50,1.32,1.11,0.25,1.15,1.67,1.18,0.00,2.93,3.39,0.00,0.00,3.88,0.00,0.00,1.50,0.00,1.72,----,3.63,0.72
Clinochlore,0.43,0.99,0.09,0.29,0.56,1.41,0.36,4.91,0.15,0.80,2.20,0.00,0.00,0.46,0.55,0.75,0.00,0.11,0.00,0.00,0.00,0.00,0.00,0.59,2.26,0.00,0.18,0.67,----,0.31
Ankerite+clay,0.36,0.47,0.51,0.04,0.77,0.12,0.12,0.09,0.05,0.47,0.00,0.27,0.03,0.36,0.36,1.15,0.00,0.05,0.04,0.00,0.00,0.09,0.01,0.00,0.08,0.00,0.35,0.27,0.84,----
[Unclassified],5.46,7.43,4.23,2.53,2.35,7.55,7.60,7.04,25.96,10.40,1.76,2.93,41.05,9.45,2.82,4.14,0.00,41.35,25.70,0.00,0.00,15.53,51.39,0.00,3.89,0.00,----,3.80,2.18,2.75
Free particles,6.82,9.54,5.53,1.57,6.21,9.98,49.45,30.57,21.74,31.10,4.03,3.35,21.18,10.07,7.49,9.19,55.56,10.86,16.37,4.50,0.00,0.36,14.85,15.00,0.87,0.00,8.94,12.90,3.37,0.88
Total,100.00,100.00,100.00,100.00,100.00,100.00,100.00,100.00,100.00,100.00,100.00,100.00,100.00,100.00,100.00,100.00,100.00,100.00,100.00,100.00,0.00,100.00,100.00,100.00,100.00,100.00,100.00,100.00,100.00,100.00
MN-16-06 - Liberation analysis #1,,,,,,,,,,,,,,,,,,,,,,,,,,,,,,
Quartz,----,13.45,16.49,18.66,17.60,14.82,3.96,23.27,13.48,15.89,16.58,15.74,6.11,1.87,9.35,2.62,0.00,18.74,1.53,0.00,0.00,21.58,10.23,7.19,15.06,9.64,11.31,17.57,7.98,3.35
Plagioclase,9.79,----,24.35,22.22,7.16,8.52,2.07,3.95,4.41,5.46,10.97,9.59,1.82,1.98,3.21,1.49,0.00,8.51,1.16,0.00,0.00,7.00,3.86,6.96,11.79,0.00,7.58,8.56,9.65,3.03
Orthoclase,7.06,10.40,----,7.93,5.85,1.88,1.11,2.83,1.26,0.44,1.46,2.11,4.77,1.21,2.51,0.11,0.00,3.96,0.36,0.00,0.00,2.22,4.07,1.42,2.35,0.00,2.36,3.30,2.45,0.57
Muscovite,2.19,5.30,2.58,----,2.26,0.75,0.14,0.52,0.26,0.34,0.34,0.49,0.66,0.35,1.75,0.34,0.00,0.92,0.16,0.00,0.00,0.56,0.26,0.40,2.58,0.00,1.05,1.42,0.13,0.11
Biotite,3.08,1.69,3.92,5.91,----,2.39,0.31,2.44,1.49,1.53,0.51,0.82,1.01,0.80,0.77,0.72,0.00,2.99,0.12,0.00,0.00,3.73,0.72,1.13,1.63,0.00,0.93,4.10,1.26,0.14
Chlorite,6.12,6.56,3.86,3.02,4.89,----,1.80,6.52,6.26,0.29,4.34,1.97,2.66,1.36,2.38,1.98,0.00,12.59,0.26,0.00,0.00,5.40,0.49,1.22,10.84,0.00,5.24,7.35,12.69,0.64
Apatite,0.80,0.54,0.50,0.28,0.33,1.12,----,0.84,0.37,0.55,0.60,0.96,7.02,3.03,1.30,0.74,0.00,1.00,0.27,5.28,0.00,0.20,2.00,0.63,1.19,0.00,0.53,0.88,0.79,2.24
Pyroxene/Amphibole,1.00,0.26,0.60,0.20,0.58,0.78,0.43,----,0.98,0.11,0.13,0.12,0.09,0.49,0.21,0.20,0.00,0.75,0.08,0.00,0.00,2.44,0.05,0.24,0.36,0.00,0.70,0.54,6.20,0.00
Garnet,2.51,4.02,1.34,0.99,2.67,4.12,1.25,2.95,----,2.56,5.07,3.22,0.56,0.58,0.81,0.40,0.00,3.76,0.22,0.00,0.00,2.81,0.54,5.06,3.35,0.00,4.73,6.12,2.18,2.13
Epidote,1.79,1.63,0.76,0.38,0.99,0.22,1.30,0.63,2.52,----,0.85,4.96,0.15,0.73,0.31,0.02,0.00,0.15,0.30,0.05,0.00,0.16,1.83,14.29,0.60,0.00,6.90,1.06,0.21,10.44
Tourmaline,1.01,1.87,0.96,0.64,0.33,1.56,0.54,0.54,0.66,1.24,----,5.88,0.47,0.38,0.83,0.42,0.00,2.25,0.10,0.00,0.00,0.89,0.43,0.88,1.62,6.43,1.15,1.14,2.06,0.45
Other Silicates,1.44,1.66,1.20,0.42,3.29,0.49,0.71,0.15,0.38,1.77,2.38,----,0.19,1.07,0.81,0.53,0.00,0.66,0.28,0.00,0.00,0.57,0.75,2.74,2.00,0.00,1.34,0.76,0.22,1.41
Zircon,0.32,0.20,0.22,0.17,0.51,0.24,0.44,0.06,1.20,0.24,0.08,0.22,----,0.41,0.33,0.34,0.00,0.22,0.23,1.70,0.00,0.02,1.72,0.14,0.02,0.00,0.99,0.22,0.32,0.00
Titanite,0.84,1.24,0.98,0.77,0.93,1.45,0.61,4.34,0.31,0.91,1.03,3.32,1.02,----,9.13,1.28,0.00,0.30,3.34,0.00,0.00,0.27,0.90,6.02,0.62,0.00,5.46,0.68,4.27,1.99
Rutile,6.95,4.95,5.31,10.15,4.26,4.88,3.82,5.03,0.70,0.55,6.17,6.91,1.74,40.26,----,59.24,0.00,3.58,55.19,0.00,0.00,1.33,2.54,16.09,4.40,0.00,7.39,4.86,8.73,1.10
Ilmenite,0.97,0.69,0.12,0.26,1.28,1.30,1.00,1.53,0.45,0.01,0.52,1.61,0.44,0.58,17.82,----,0.00,3.06,7.03,0.00,0.00,0.57,0.04,1.94,0.79,18.22,0.79,1.53,0.79,0.00
Chromite,0.00,0.00,0.00,0.00,0.00,0.00,0.00,0.00,0.00,0.00,0.00,0.00,0.00,0.00,0.00,0.00,----,0.00,0.00,0.00,0.00,0.00,0.00,0.00,0.00,0.00,0.00,0.00,0.00,0.00
Fe oxides,15.46,11.07,13.21,7.71,16.54,25.65,3.80,18.88,4.10,0.22,9.72,5.48,1.07,0.89,3.42,6.57,0.00,----,3.96,87.78,0.00,32.17,4.94,1.27,22.62,0.00,13.02,18.12,13.54,0.94
Other oxides,0.27,0.25,0.29,0.31,0.20,0.16,0.16,0.52,0.60,0.14,0.09,0.55,0.92,2.21,12.45,5.11,0.00,1.17,----,0.00,0.00,0.03,2.08,2.90,0.08,0.00,1.32,0.28,0.00,0.00
Sulfides,0.00,0.00,0.00,0.00,0.00,0.00,0.50,0.00,0.00,0.00,0.00,0.00,0.18,0.00,0.00,0.00,0.00,0.14,0.00,----,0.00,0.00,0.00,0.01,0.00,0.00,0.00,0.00,0.00,0.00
Sulfates,0.00,0.00,0.00,0.00,0.00,0.00,0.00,0.00,0.00,0.00,0.00,0.00,0.00,0.00,0.00,0.00,0.00,0.00,0.00,0.00,----,0.00,0.00,0.00,0.00,0.00,0.00,0.00,0.00,0.00
Olivene,1.88,0.92,0.61,0.40,1.27,0.89,0.05,4.57,1.20,0.01,0.78,0.42,0.00,0.15,0.10,0.10,0.00,3.63,0.01,0.00,0.00,----,0.00,0.05,0.88,0.00,1.36,1.44,0.59,0.00
Other REE Minerals,0.16,0.07,0.10,0.21,0.12,0.06,0.42,0.09,0.12,1.02,0.01,0.44,0.31,0.29,0.32,0.02,0.00,0.02,0.16,0.00,0.00,0.00,----,0.44,0.06,0.00,0.31,0.12,0.07,0.21
Carbonates,6.77,6.71,3.85,1.95,5.90,2.67,9.25,3.61,3.89,26.45,2.64,12.50,1.06,14.01,15.30,5.96,0.00,1.14,12.56,0.15,0.00,0.38,5.68,----,2.33,14.57,15.64,4.54,5.05,47.60
Clay Minerals,5.52,6.60,4.71,7.07,6.10,7.19,2.32,3.48,2.11,2.27,9.89,4.53,1.67,1.66,4.92,0.69,0.00,4.48,0.46,0.00,0.00,2.10,4.16,2.34,----,6.43,3.09,4.46,9.57,1.07
Other Minerals,0.01,0.00,0.00,0.00,0.00,0.00,0.00,0.00,0.00,0.00,0.03,0.00,0.00,0.00,0.00,0.15,0.00,0.00,0.00,0.00,0.00,0.00,0.00,0.01,0.02,----,0.02,0.03,0.00,0.00
Biotite-Ti,5.38,4.06,3.89,3.74,8.90,5.24,1.94,3.69,9.86,1.85,2.82,2.33,0.57,0.53,1.76,1.25,0.00,7.61,0.77,0.00,0.00,6.69,0.81,2.43,4.13,27.92,3.15,----,3.24,0.37
Clinochlore,0.13,0.24,0.18,0.07,0.07,0.47,0.16,0.49,0.03,0.01,0.13,0.03,0.13,0.09,0.14,0.02,0.00,0.31,0.00,0.00,0.00,0.16,0.01,0.17,0.20,0.00,0.14,0.16,----,0.00
Ankerite+clay,0.12,0.12,0.03,0.04,0.03,0.10,0.05,0.00,0.05,1.78,0.10,0.22,0.00,0.20,0.02,0.00,0.00,0.04,0.00,0.00,0.00,0.00,0.13,1.63,0.07,0.00,0.64,0.04,0.00,----
[Unclassified],10.75,10.81,7.19,5.31,4.35,9.92,7.22,8.86,32.07,22.38,10.37,15.01,38.57,14.59,6.77,2.50,0.00,15.54,8.05,4.63,0.00,8.65,23.21,20.45,9.19,16.80,----,7.82,4.46,22.16
Free particles,7.70,4.67,2.71,1.21,3.58,3.13,54.63,0.23,11.25,12.01,12.40,0.57,26.80,10.29,3.27,7.20,100.00,2.49,3.40,0.41,0.00,0.09,28.55,1.96,1.21,0.00,2.87,2.88,3.55,0.03
Total,100.00,100.00,100.00,100.00,100.00,100.00,100.00,100.00,100.00,100.00,100.00,100.00,100.00,100.00,100.00,100.00,100.00,100.00,100.00,100.00,0.00,100.00,100.00,100.00,100.00,100.00,100.00,100.00,100.00,100.00
MN-16-07 - Liberation analysis #1,,,,,,,,,,,,,,,,,,,,,,,,,,,,,,
Quartz,----,11.61,10.25,7.20,6.71,11.00,1.71,16.16,23.42,19.52,1.21,38.46,4.56,4.98,7.63,5.62,11.28,11.17,0.38,0.00,0.00,17.43,21.56,4.57,9.29,0.00,9.14,14.36,2.48,5.91
Plagioclase,18.76,----,40.53,44.18,6.49,5.38,1.14,4.02,5.17,22.75,3.75,1.72,3.65,4.76,2.94,2.71,0.00,2.89,0.85,0.00,0.00,2.88,4.00,0.50,23.92,0.00,6.96,6.80,10.58,2.50
Orthoclase,8.31,9.76,----,7.37,2.76,0.21,0.99,0.57,1.82,1.73,1.89,0.00,1.33,0.68,5.59,1.00,0.00,1.87,0.00,0.00,0.00,2.62,0.00,0.00,3.03,0.00,0.72,1.81,0.02,1.12
Muscovite,1.40,9.26,2.20,----,1.19,0.57,0.09,0.21,0.20,1.26,2.51,0.00,0.00,0.06,0.46,0.36,0.00,0.53,0.00,0.00,0.00,0.27,0.21,0.00,3.66,0.00,0.71,3.15,1.50,0.02
Biotite,1.45,0.52,0.75,0.97,----,0.39,0.29,0.68,1.15,1.56,7.06,0.20,4.86,0.52,0.31,1.47,0.00,1.88,0.16,1.67,0.00,1.00,1.62,0.00,1.14,0.00,0.58,3.82,0.78,0.15
Chlorite,0.19,0.40,0.09,0.22,0.78,----,0.11,0.76,0.70,0.27,0.03,0.00,0.12,0.21,0.92,1.13,0.00,1.73,0.00,0.00,0.00,0.54,0.00,2.85,1.81,0.00,0.30,3.17,1.81,0.00
Apatite,0.51,0.28,1.45,0.12,0.46,0.46,----,0.08,0.97,0.97,0.05,0.06,2.00,3.53,0.68,4.48,0.00,3.77,0.00,0.00,0.00,1.17,1.27,0.10,0.25,0.00,0.45,0.21,1.14,0.13
Pyroxene/Amphibole,1.22,0.25,0.07,0.09,0.46,0.95,0.03,----,0.54,0.65,0.00,0.21,0.00,0.72,1.23,0.81,0.00,0.43,0.42,0.56,0.00,4.07,0.33,5.54,1.71,0.00,0.75,0.64,1.24,0.21
Garnet,2.62,3.12,0.35,1.22,1.76,17.30,0.56,3.74,----,1.57,3.69,0.18,0.04,0.18,0.25,0.37,0.00,1.15,4.20,70.67,0.00,6.21,0.01,0.78,1.99,0.00,8.49,12.35,1.47,1.13
Epidote,23.35,40.95,9.80,23.64,25.85,5.59,17.53,16.37,7.31,----,3.05,0.15,3.61,7.91,2.64,2.10,0.00,1.80,3.35,2.97,0.00,5.34,11.84,24.83,18.11,0.00,25.36,18.67,36.33,16.08
Tourmaline,0.08,0.80,0.07,0.32,0.77,0.06,0.03,0.00,0.66,0.45,----,5.92,0.00,0.00,0.00,0.00,0.00,0.13,0.00,0.00,0.00,0.00,0.15,0.00,0.49,0.00,0.20,0.32,14.70,0.00
Other Silicates,0.20,0.03,0.00,0.00,0.13,0.00,0.03,0.11,0.69,0.00,0.10,----,0.01,0.01,0.11,0.05,0.00,0.18,0.00,0.00,0.00,0.00,0.00,0.00,0.56,0.00,0.79,0.00,0.00,0.00
Zircon,0.11,0.13,0.34,0.00,1.58,0.06,0.51,0.00,0.66,0.39,0.00,0.05,----,0.19,0.40,0.26,0.00,0.74,0.00,0.00,0.00,0.00,0.07,0.48,0.15,0.00,3.28,0.06,0.00,0.00
Titanite,1.38,1.30,0.49,0.45,7.75,1.38,9.52,12.17,0.14,9.07,0.02,0.05,2.40,----,19.22,15.32,0.00,3.37,30.02,0.00,0.00,0.00,1.88,5.91,3.50,0.00,4.94,3.49,2.55,2.95
Rutile,1.53,0.80,2.16,0.94,3.03,1.91,2.55,10.14,0.22,1.87,0.00,0.58,0.28,24.34,----,23.78,0.00,4.40,4.32,0.00,0.00,2.13,0.20,7.31,3.87,0.00,1.61,1.19,0.60,0.62
Ilmenite,3.33,2.40,7.77,2.22,13.24,16.85,19.20,12.21,3.43,0.90,0.00,1.13,1.88,6.73,45.40,----,0.00,20.58,40.09,11.06,100.00,2.83,1.04,8.92,10.31,0.00,5.78,9.82,3.21,2.80
Chromite,0.00,0.00,0.00,0.00,0.00,0.00,0.00,0.00,0.00,0.00,0.00,0.00,0.00,0.00,0.00,0.00,----,0.09,0.00,0.00,0.00,0.00,0.00,0.00,0.00,0.00,0.00,0.00,0.00,0.00
Fe oxides,5.94,0.83,2.86,2.35,11.53,8.98,5.81,8.00,4.71,0.74,0.18,2.14,0.98,1.50,4.66,9.17,88.72,----,4.16,0.00,0.00,43.98,2.42,0.00,7.81,0.00,15.44,6.35,2.30,0.12
Other oxides,0.00,0.09,0.00,0.00,0.02,0.00,0.00,0.08,0.75,0.06,0.00,0.00,0.00,4.91,0.17,2.35,0.00,0.17,----,0.00,0.00,0.00,0.78,0.00,0.00,0.00,0.06,0.01,0.00,0.00
Sulfides,0.00,0.00,0.00,0.00,0.10,0.00,0.00,0.01,0.62,0.02,0.00,0.00,0.00,0.00,0.00,0.07,0.00,0.00,0.00,----,0.00,0.00,0.00,0.00,0.00,0.00,0.01,0.04,0.00,0.00
Sulfates,0.00,0.00,0.00,0.00,0.00,0.00,0.00,0.00,0.00,0.00,0.00,0.00,0.00,0.00,0.00,0.07,0.00,0.00,0.00,0.00,----,0.00,0.00,0.00,0.00,0.00,0.00,0.00,0.00,0.00
Olivene,0.31,0.03,0.15,0.06,0.34,0.12,0.15,1.37,1.15,0.05,0.00,0.00,0.00,0.00,0.08,0.08,0.00,1.45,0.00,0.00,0.00,----,0.00,0.00,0.39,0.00,0.61,0.20,0.11,0.00
Other REE Minerals,0.22,0.03,0.00,0.16,0.22,0.00,0.21,0.14,0.71,0.68,0.06,0.03,0.90,1.37,0.54,0.05,0.00,0.20,0.80,0.00,0.00,0.00,----,2.31,0.14,0.00,1.26,0.18,0.00,0.00
Carbonates,0.02,0.01,0.00,0.00,0.00,0.06,0.00,0.45,0.15,0.12,0.00,0.00,0.23,0.51,0.02,0.04,0.00,0.00,0.00,0.00,0.00,0.00,2.20,----,0.00,0.00,0.09,0.26,0.00,0.00
Clay Minerals,2.18,3.74,2.29,1.57,4.98,2.54,0.39,3.99,1.20,2.80,15.35,1.33,2.49,1.95,2.59,2.48,0.00,1.34,0.09,0.00,0.00,0.33,3.33,0.00,----,0.00,1.27,2.92,10.80,22.94
Other Minerals,0.00,0.00,0.00,0.00,0.00,0.00,0.00,0.00,0.00,0.00,0.00,0.00,0.00,0.00,0.00,0.00,0.00,0.00,0.00,0.00,0.00,0.00,0.00,0.00,0.00,----,0.00,0.00,0.00,0.00
Biotite-Ti,0.81,1.38,0.66,1.86,4.21,5.98,0.25,2.19,8.34,2.75,2.36,0.00,0.74,0.86,0.49,3.20,0.00,2.76,0.06,1.77,0.00,1.86,2.32,18.06,1.91,0.00,1.37,----,5.09,1.60
Clinochlore,0.07,0.46,0.00,0.63,0.46,0.99,0.19,0.78,0.12,0.83,14.75,0.00,0.00,0.04,0.11,0.11,0.00,0.29,0.00,0.00,0.00,0.36,0.00,0.00,1.06,0.00,0.23,1.13,----,0.50
Ankerite+clay,0.03,0.04,0.05,0.01,0.12,0.00,0.07,0.32,0.57,0.70,0.00,0.00,0.00,0.31,0.04,0.17,0.00,0.00,0.00,0.00,0.00,0.00,0.00,0.00,0.64,0.00,0.31,0.33,0.52,----
[Unclassified],3.84,5.22,1.52,1.62,2.06,17.95,2.34,4.20,27.51,9.04,20.54,47.52,49.22,7.50,1.16,3.41,0.00,18.21,1.00,4.24,0.00,6.99,21.10,12.59,2.38,0.00,----,5.04,1.49,17.05
Free particles,22.16,6.57,16.13,2.77,2.99,1.28,36.29,1.27,7.09,19.21,23.38,0.26,20.69,26.22,2.38,19.34,0.00,18.89,10.11,7.07,0.00,0.00,23.64,5.23,1.90,100.00,9.27,3.68,1.29,24.15
Total,100.00,100.00,100.00,100.00,100.00,100.00,100.00,100.00,100.00,100.00,100.00,100.00,100.00,100.00,100.00,100.00,100.00,100.00,100.00,100.00,100.00,100.00,100.00,100.00,100.00,100.00,100.00,100.00,100.00,100.00
MN-16-08 - Liberation analysis #1,,,,,,,,,,,,,,,,,,,,,,,,,,,,,,
Quartz,----,8.11,4.45,2.74,7.47,9.29,1.51,28.27,3.98,9.74,5.11,1.54,3.73,2.01,2.36,5.19,0.00,7.04,13.55,0.00,0.00,21.94,0.00,1.19,6.45,0.00,11.50,6.61,7.85,2.64
Plagioclase,17.48,----,60.33,61.86,11.45,16.92,2.47,7.07,14.31,33.48,36.19,7.37,5.79,3.76,4.74,4.77,0.00,3.89,1.72,0.00,36.16,4.46,2.61,3.84,17.11,0.00,5.85,19.17,24.63,4.67
Orthoclase,1.14,11.85,----,5.10,2.67,0.81,0.09,0.28,0.32,0.61,0.00,0.00,2.89,0.12,0.23,0.29,0.00,0.54,0.00,0.00,0.00,0.34,2.06,0.45,1.21,0.00,0.86,1.50,0.63,0.23
Muscovite,0.33,7.04,0.94,----,0.46,0.14,0.06,0.03,0.45,1.20,0.71,0.00,0.00,0.22,0.17,0.08,0.00,0.05,0.00,0.00,0.00,0.00,0.00,0.00,0.78,0.00,0.22,0.44,0.00,0.00
Biotite,2.35,2.91,3.87,1.30,----,2.28,1.09,2.92,5.49,1.26,0.71,0.23,1.66,1.52,0.73,3.49,0.00,2.75,0.77,0.00,2.70,0.46,0.41,0.27,1.56,0.00,1.56,4.95,2.71,2.48
Chlorite,5.09,6.33,2.21,1.16,4.79,----,1.24,4.27,10.86,3.27,0.37,6.10,1.41,2.94,1.70,5.66,0.00,11.52,0.56,0.00,0.98,4.94,3.31,1.62,6.70,0.00,3.03,5.16,3.97,4.17
Apatite,1.31,1.09,0.16,0.48,1.25,0.83,----,0.94,1.10,1.47,0.29,23.19,3.11,0.58,0.51,2.37,0.00,1.72,0.44,0.00,0.00,0.06,2.98,15.38,1.37,0.00,2.43,1.80,2.09,0.30
Pyroxene/Amphibole,22.14,3.72,1.04,0.69,7.70,5.89,2.20,----,4.13,4.40,2.50,5.42,0.47,3.64,2.41,4.27,0.00,3.42,0.37,0.00,0.59,19.88,10.64,5.59,12.19,0.00,14.93,11.26,16.10,6.93
Garnet,1.07,2.96,0.40,0.77,1.23,3.71,0.79,1.12,----,3.51,8.89,0.24,0.01,0.91,0.42,0.74,0.00,1.78,0.11,0.00,1.44,0.09,1.77,0.60,1.91,0.00,0.57,1.71,2.22,1.69
Epidote,6.67,14.76,2.13,13.14,2.64,4.46,2.00,2.87,5.51,----,12.80,14.73,0.60,3.28,1.71,1.03,0.00,1.02,0.13,0.00,18.19,1.09,0.83,0.00,5.17,0.00,3.60,4.88,14.70,2.04
Tourmaline,0.03,0.57,0.00,0.05,0.04,0.01,0.00,0.01,0.36,0.28,----,0.00,0.00,0.00,0.44,0.00,0.00,0.00,0.00,0.00,0.00,0.00,0.00,0.00,0.01,0.00,0.02,0.37,0.00,0.00
Other Silicates,0.01,0.16,0.00,0.00,0.01,0.06,0.58,0.11,0.03,0.18,0.00,----,0.00,0.12,0.11,0.07,0.00,0.06,0.00,0.00,0.00,0.00,0.00,0.00,0.07,0.00,0.06,0.08,0.00,0.03
Zircon,0.13,0.07,0.11,0.00,0.06,0.11,0.65,0.19,0.01,0.27,0.00,0.00,----,0.03,0.00,0.22,0.00,0.00,0.09,0.00,0.00,0.00,0.00,0.00,0.13,0.00,0.93,0.16,0.00,0.00
Titanite,1.59,1.83,0.37,1.31,4.01,2.70,0.42,1.34,1.95,3.78,0.15,5.37,0.53,----,25.66,18.39,0.00,2.06,2.94,0.00,1.27,0.19,9.40,13.23,3.01,0.00,3.58,2.84,1.12,13.84
Rutile,0.71,0.74,0.74,0.27,1.18,0.98,0.49,0.66,0.71,0.99,1.40,5.22,0.00,8.67,----,9.58,0.00,1.30,1.31,0.00,0.77,0.06,4.34,8.88,1.39,0.00,1.09,1.13,2.07,5.57
Ilmenite,8.89,7.80,2.83,1.92,22.67,16.86,9.39,7.52,11.64,1.74,0.00,13.06,10.31,56.41,40.56,----,0.00,13.40,41.49,0.00,10.18,1.83,38.92,8.62,18.21,71.22,14.54,17.25,2.51,43.15
Chromite,0.00,0.00,0.00,0.00,0.00,0.00,0.00,0.00,0.00,0.00,0.00,0.00,0.00,0.00,0.00,0.00,----,0.00,0.00,0.00,0.00,0.00,0.00,0.00,0.00,0.00,0.00,0.00,0.00,0.00
Fe oxides,5.25,1.52,0.84,0.22,4.31,9.64,1.90,2.87,3.48,0.66,0.00,2.63,0.23,1.26,2.07,3.52,0.00,----,5.48,0.00,0.20,26.41,2.64,6.45,6.32,0.00,12.69,3.99,1.90,1.87
Other oxides,0.11,0.01,0.00,0.00,0.19,0.03,0.35,0.01,0.01,0.00,0.00,0.00,0.26,0.14,0.59,2.92,0.00,0.30,----,0.00,0.00,0.06,0.00,3.96,0.01,0.00,0.66,0.03,0.00,0.26
Sulfides,0.00,0.00,0.00,0.00,0.00,0.00,0.00,0.00,0.00,0.00,0.00,0.00,0.00,0.00,0.00,0.00,0.00,0.00,0.00,----,0.00,0.00,0.00,0.00,0.00,0.00,0.00,0.00,0.00,0.00
Sulfates,0.00,0.18,0.00,0.00,0.05,0.05,0.00,0.00,0.02,0.10,0.00,0.00,0.00,0.01,0.02,0.06,0.00,0.01,0.00,0.00,----,0.00,0.00,0.00,0.01,0.00,0.53,0.02,0.00,0.00
Olivene,1.95,0.14,0.06,0.00,0.15,0.48,0.00,1.09,0.04,0.36,0.00,0.00,0.00,0.02,0.01,0.14,0.00,1.02,0.22,0.00,0.00,----,0.00,0.00,0.57,0.00,1.91,0.32,0.07,0.05
Other REE Minerals,0.00,0.00,0.13,0.00,0.02,0.03,0.90,0.07,0.03,0.08,0.00,0.00,0.00,0.05,0.06,0.10,0.00,0.03,0.00,0.00,0.00,0.00,----,0.00,0.01,0.00,0.00,0.05,0.00,0.00
Carbonates,0.01,0.02,0.01,0.00,0.01,0.02,0.74,0.08,0.02,0.00,0.00,0.00,0.00,0.14,0.15,0.03,0.00,0.10,0.75,0.00,0.00,0.00,0.00,----,0.02,0.00,0.20,0.05,0.00,0.05
Clay Minerals,5.76,7.44,4.48,2.56,4.60,4.98,4.20,5.29,3.06,4.59,1.65,6.38,2.12,3.06,4.76,3.76,0.00,2.90,0.48,100.00,1.71,1.64,6.70,0.20,----,0.00,2.69,5.68,6.30,2.94
Other Minerals,0.00,0.00,0.00,0.00,0.00,0.00,0.00,0.00,0.00,0.00,0.00,0.00,0.00,0.00,0.00,0.01,0.00,0.00,0.00,0.00,0.00,0.00,0.00,0.00,0.00,----,0.00,0.00,0.00,0.00
Biotite-Ti,5.93,10.47,5.37,2.99,15.26,9.18,5.83,12.79,9.94,5.97,27.48,4.96,2.06,4.04,2.85,6.26,0.00,6.48,1.01,0.00,2.00,2.68,11.73,7.56,7.96,0.00,4.00,----,3.74,3.52
Clinochlore,0.52,1.38,0.19,0.00,0.26,0.27,0.17,0.95,0.35,1.58,0.00,0.00,0.00,0.10,0.27,0.07,0.00,0.31,0.00,0.00,0.00,0.06,0.00,0.00,0.47,0.00,0.22,0.29,----,0.07
Ankerite+clay,0.22,0.15,0.13,0.00,0.54,0.36,0.00,0.23,0.62,0.08,0.00,0.46,0.00,1.92,1.08,1.57,0.00,0.27,0.22,0.00,0.00,0.04,0.00,1.40,0.71,0.00,0.48,0.58,0.14,----
[Unclassified],5.35,2.13,2.10,1.41,2.53,2.02,7.61,8.42,4.08,4.25,0.65,2.51,18.09,1.92,1.31,4.25,0.00,15.43,14.61,0.00,16.45,13.51,0.00,6.15,1.79,0.00,----,2.24,1.55,2.79
Free particles,5.97,6.64,7.12,2.05,4.45,7.90,55.32,10.60,17.50,16.17,1.10,0.60,46.74,3.15,5.07,21.14,0.00,22.62,13.76,0.00,7.35,0.25,1.65,14.61,4.89,28.78,11.84,7.44,5.71,0.72
Total,100.00,100.00,100.00,100.00,100.00,100.00,100.00,100.00,100.00,100.00,100.00,100.00,100.00,100.00,100.00,100.00,0.00,100.00,100.00,100.00,100.00,100.00,100.00,100.00,100.00,100.00,100.00,100.00,100.00,100.00
MN-17-11 - Liberation analysis #1,,,,,,,,,,,,,,,,,,,,,,,,,,,,,,
Quartz,----,17.60,13.93,28.49,7.70,10.70,0.25,11.30,12.88,7.81,33.79,7.31,4.41,5.05,14.86,4.45,0.00,4.83,0.07,0.00,35.22,12.63,5.45,0.00,13.15,0.00,5.75,15.94,1.82,28.55
Plagioclase,11.50,----,43.47,12.26,2.37,0.94,0.00,2.01,1.89,17.92,11.38,0.00,0.39,4.87,1.90,1.47,3.03,2.39,0.53,0.00,3.07,4.59,2.15,13.54,10.39,0.00,3.90,3.58,0.00,0.00
Orthoclase,6.56,31.54,----,3.41,1.48,0.01,0.00,0.59,0.72,1.68,0.00,2.85,2.41,0.43,1.43,0.54,0.00,0.70,0.00,0.00,0.16,0.73,0.55,4.88,1.76,0.00,0.72,1.94,0.00,0.00
Muscovite,5.43,8.25,0.73,----,2.92,2.35,0.00,0.00,0.19,0.03,0.00,0.00,0.11,0.58,0.92,0.28,0.00,0.10,0.00,0.00,0.00,0.60,0.00,0.00,0.90,0.00,0.51,6.18,15.35,0.00
Biotite,2.87,0.89,0.61,10.02,----,3.59,0.00,8.74,2.75,0.24,0.00,2.47,3.78,2.37,0.30,3.55,0.00,0.83,0.08,0.00,2.20,4.90,2.59,0.00,3.34,0.00,0.68,12.34,0.40,0.02
Chlorite,0.43,0.32,0.00,2.78,3.25,----,0.00,1.00,10.17,3.64,0.20,1.15,0.27,0.45,0.06,0.61,0.00,16.88,0.00,0.00,0.00,7.14,0.01,0.00,5.17,0.00,3.08,8.93,2.02,0.30
Apatite,0.02,0.00,0.00,0.00,0.00,0.00,----,0.00,0.00,0.00,0.00,0.28,5.00,3.63,0.03,0.50,0.00,0.00,0.00,0.00,0.00,0.00,3.54,3.34,0.00,0.00,0.02,0.00,0.00,0.00
Pyroxene/Amphibole,1.28,0.09,0.04,0.00,1.30,0.01,0.00,----,0.04,0.00,0.00,0.00,0.44,1.35,0.52,0.32,0.00,0.00,0.00,0.00,0.00,2.67,0.00,0.00,0.42,0.00,0.19,0.16,1.01,0.45
Garnet,0.65,4.47,0.22,2.35,3.07,21.48,0.00,1.69,----,0.00,1.32,9.46,0.98,0.09,0.55,0.31,1.52,2.00,0.09,0.00,0.00,12.83,0.09,4.18,2.70,0.00,6.78,12.25,1.30,6.02
Epidote,0.11,0.40,0.05,0.10,0.45,0.03,0.00,0.00,0.00,----,0.00,0.00,0.00,0.05,0.02,0.11,9.09,0.07,0.00,0.00,0.00,0.00,0.96,0.00,0.08,0.00,0.34,0.06,0.00,11.54
Tourmaline,0.23,0.17,0.00,0.00,0.00,0.02,0.00,0.00,0.42,0.00,----,9.16,0.00,0.00,0.02,0.11,0.00,0.00,0.00,0.00,0.08,0.00,0.00,0.00,4.41,0.00,2.63,0.69,0.00,0.00
Other Silicates,0.05,0.00,0.08,0.00,0.03,0.81,0.01,0.00,0.09,0.00,6.42,----,0.26,0.00,0.01,0.17,0.00,0.08,0.00,0.00,0.00,0.00,0.00,0.00,3.17,0.00,1.90,0.08,0.00,0.00
Zircon,0.13,0.02,0.64,0.02,1.79,0.32,6.57,1.13,0.87,0.00,0.00,1.51,----,0.17,0.12,0.89,0.00,0.00,0.20,0.00,0.62,0.00,0.09,3.34,0.18,0.00,14.60,0.02,0.00,0.00
Titanite,0.66,0.57,0.49,0.58,3.82,0.04,0.05,18.61,0.02,0.02,0.00,0.00,0.03,----,11.83,4.43,0.00,0.00,2.18,0.00,0.00,0.00,0.03,0.00,2.14,0.00,1.46,0.04,9.09,0.28
Rutile,2.00,1.93,0.77,6.43,1.21,0.09,1.76,6.19,0.54,0.28,0.35,0.78,0.81,12.27,----,18.90,0.00,0.82,1.33,0.00,1.48,0.85,0.13,0.00,4.84,0.00,2.29,0.44,11.11,0.00
Ilmenite,10.86,9.66,5.58,11.76,47.20,7.41,4.01,35.45,3.89,0.85,12.15,43.26,8.59,35.51,54.21,----,27.27,38.99,46.45,25.20,39.29,19.33,15.35,4.69,32.91,82.22,23.34,14.15,18.50,0.28
Chromite,0.00,0.02,0.00,0.00,0.00,0.00,0.00,0.00,0.00,0.09,0.00,0.00,0.00,0.00,0.00,0.01,----,0.00,0.00,0.00,0.00,0.00,0.00,0.00,0.00,0.00,0.00,0.00,0.00,0.00
Fe oxides,0.64,0.56,0.18,0.04,0.32,0.98,0.00,0.00,1.34,0.01,0.00,0.34,0.00,0.00,0.06,1.62,0.00,----,7.37,0.00,0.00,0.21,0.00,0.00,2.52,0.00,2.11,1.35,0.00,0.00
Other oxides,0.00,0.49,0.00,0.00,0.05,0.00,0.00,0.00,0.00,0.00,0.00,0.00,0.12,0.89,0.47,4.80,0.00,5.39,----,0.00,0.00,0.00,10.35,0.00,0.00,0.00,1.71,0.70,0.00,0.00
Sulfides,0.00,0.00,0.00,0.00,0.00,0.00,0.00,0.00,0.00,0.00,0.00,0.00,0.00,0.00,0.00,0.01,0.00,0.00,0.00,----,0.00,0.00,0.00,0.00,0.00,0.00,0.06,0.00,0.00,0.00
Sulfates,0.12,0.12,0.01,0.00,0.20,0.00,0.00,0.00,0.00,0.00,0.05,0.00,0.11,0.00,0.04,0.43,0.00,0.00,0.00,0.00,----,0.00,0.00,0.00,2.01,0.00,0.37,2.41,0.00,13.01
Olivene,1.93,0.17,0.05,0.05,0.27,1.63,0.00,1.54,1.12,0.00,0.00,0.00,0.00,0.00,0.02,0.09,0.00,0.06,0.00,0.00,0.00,----,0.00,0.00,0.01,0.00,0.66,0.85,0.00,0.00
Other REE Minerals,0.04,0.42,0.08,0.00,0.38,0.00,8.88,0.00,0.59,4.24,0.00,0.00,0.09,0.01,0.03,0.27,0.00,0.00,0.53,0.00,0.00,0.00,----,0.00,0.15,0.00,2.74,0.00,0.00,0.00
Carbonates,0.00,0.03,0.01,0.00,0.00,0.00,2.52,0.00,0.47,0.00,0.00,0.00,0.03,0.00,0.00,0.03,0.00,0.00,0.00,0.00,0.00,0.00,0.00,----,0.01,0.00,0.02,0.00,0.00,0.00
Clay Minerals,1.80,1.99,0.34,9.92,10.01,3.39,0.00,4.47,1.35,0.16,9.60,3.67,0.52,1.19,3.68,1.19,0.00,1.23,0.00,0.00,0.59,0.66,0.05,2.59,----,0.00,0.39,4.28,15.15,0.00
Other Minerals,0.00,0.00,0.00,0.00,0.00,0.00,0.00,0.00,0.00,0.00,0.00,0.00,0.00,0.00,0.00,0.02,0.00,0.00,0.00,0.00,0.00,0.00,0.00,0.00,0.00,----,0.00,0.00,0.00,0.00
Biotite-Ti,3.34,1.50,0.69,5.18,5.51,8.59,0.00,1.49,11.23,4.96,3.64,1.96,0.02,0.01,0.34,1.47,0.00,2.04,4.51,0.00,3.26,9.83,0.00,0.00,3.14,0.00,2.02,----,0.00,10.24
Clinochlore,0.01,0.00,0.00,2.98,0.01,0.21,0.00,0.10,0.00,0.00,0.00,0.00,0.00,0.05,0.18,0.06,0.00,0.00,0.00,0.00,0.00,0.00,0.00,0.00,0.16,0.00,0.02,0.00,----,0.00
Ankerite+clay,0.06,0.00,0.00,0.00,0.01,0.06,0.00,0.88,0.07,0.18,0.00,0.00,0.00,0.04,0.00,0.00,0.00,0.00,0.00,0.00,3.14,0.00,0.00,0.00,0.00,0.00,0.48,0.28,0.00,----
[Unclassified],4.31,6.21,1.27,1.01,1.37,13.89,4.82,2.27,19.09,5.37,20.10,13.37,36.24,5.68,2.02,3.99,0.00,7.89,15.44,5.67,7.25,18.89,46.47,0.75,1.24,0.00,----,2.86,20.20,29.06
Free particles,44.97,12.56,30.77,2.61,5.27,23.45,71.14,2.53,30.28,52.53,0.99,2.45,35.38,25.31,6.37,49.36,59.09,15.71,21.24,69.13,3.66,4.14,12.20,62.69,5.21,17.78,21.20,10.48,4.04,0.25
Total,100.00,100.00,100.00,100.00,100.00,100.00,100.00,100.00,100.00,100.00,100.00,100.00,100.00,100.00,100.00,100.00,100.00,100.00,100.00,100.00,100.00,100.00,100.00,100.00,100.00,100.00,100.00,100.00,100.00,100.00
